Algorithm,Data,Accuracy,F1 Score,Precission,Recall,Kappa,AUC,prob
LogisticRegression,Train,0.7662776412776413,0.8666349548106052,0.7648592514030669,0.9996534596280466,0.042362337586167476,0.5806544248549533,0.01
LogisticRegression,Train,0.7767199017199017,0.8718297443646895,0.7729891474253048,0.9996534596280466,0.10503270612224258,0.5806544248549533,0.030204081632653063
LogisticRegression,Train,0.779966654966655,0.8734576467916529,0.7755522695702828,0.9996534596280466,0.12396695329669483,0.5806544248549533,0.05040816326530612
LogisticRegression,Train,0.7807125307125307,0.8738324834654415,0.7761434977578475,0.9996534596280466,0.12828086110482595,0.5806544248549533,0.07061224489795918
LogisticRegression,Train,0.7812829062829063,0.8741129826510771,0.7766210455463316,0.9995957028993878,0.13172787910639816,0.5806544248549533,0.09081632653061224
LogisticRegression,Train,0.7821165321165321,0.8745199110572064,0.7773335729045009,0.99948018944207,0.13683295002238127,0.5806544248549533,0.11102040816326529
LogisticRegression,Train,0.7828185328185329,0.874860956618465,0.777942631058358,0.9993646759847522,0.14116442040572708,0.5806544248549533,0.13122448979591836
LogisticRegression,Train,0.784047034047034,0.8754554655870446,0.779023687291723,0.9991336490701167,0.14878350234605742,0.5806544248549533,0.15142857142857144
LogisticRegression,Train,0.7864162864162865,0.8766408190157621,0.7809734513274337,0.9990181356127988,0.16248488793824967,0.5806544248549533,0.1716326530612245
LogisticRegression,Train,0.7884345384345385,0.8776390580592773,0.7827011858423101,0.9987871086981633,0.17438220697925477,0.5806544248549533,0.19183673469387755
LogisticRegression,Train,0.7906282906282907,0.8787293519695044,0.7845797785442004,0.9985560817835277,0.18713514907095374,0.5806544248549533,0.2120408163265306
LogisticRegression,Train,0.7932607932607932,0.880040733197556,0.7868524082673223,0.9982672981402333,0.20229505346431376,0.5806544248549533,0.23224489795918368
LogisticRegression,Train,0.7956300456300456,0.8812037745473094,0.789002557544757,0.9978052443109622,0.21625997035042877,0.5806544248549533,0.2524489795918367
LogisticRegression,Train,0.7972095472095472,0.8819593421187046,0.7905411592345023,0.9972854337530322,0.22596935037828714,0.5806544248549533,0.2726530612244898
LogisticRegression,Train,0.7981309231309232,0.8823724913715966,0.7915691940736663,0.9967078664664434,0.23222374454083405,0.5806544248549533,0.29285714285714287
LogisticRegression,Train,0.7988329238329238,0.8826255023935694,0.7926341440985792,0.9956682453505833,0.23832592888587567,0.5806544248549533,0.3130612244897959
LogisticRegression,Train,0.7998420498420499,0.8829536124794746,0.7943403194534208,0.993820030033499,0.24779234867617328,0.5806544248549533,0.333265306122449
LogisticRegression,Train,0.8001053001053001,0.8828791773778921,0.7955156119707217,0.9917985445304378,0.2536386573384465,0.5806544248549533,0.35346938775510206
LogisticRegression,Train,0.80001755001755,0.8825923445469064,0.7965408220197135,0.9894882753840822,0.2582331134150172,0.5806544248549533,0.3736734693877551
LogisticRegression,Train,0.799973674973675,0.8822724338282764,0.797860912615011,0.9866581956797967,0.2641029723974967,0.5806544248549533,0.39387755102040817
LogisticRegression,Train,0.8005440505440505,0.8822584822584822,0.7997746055597296,0.9837126025181934,0.27320751549060684,0.5806544248549533,0.4140816326530612
LogisticRegression,Train,0.8004124254124254,0.8818226690567117,0.8013598375749563,0.9802471987986601,0.27972450566269125,0.5806544248549533,0.4342857142857143
LogisticRegression,Train,0.7998859248859249,0.8810473880499701,0.8032241190736602,0.9755689037772901,0.28662309989187307,0.5806544248549533,0.45448979591836736
LogisticRegression,Train,0.7997542997542998,0.8805860805860807,0.804936381899933,0.97193022987178,0.2932150012944933,0.5806544248549533,0.4746938775510204
LogisticRegression,Train,0.7992277992277992,0.879863481228669,0.8065556411243743,0.9678295021369989,0.2986886033584345,0.5806544248549533,0.49489795918367346
LogisticRegression,Train,0.7984819234819235,0.8790520078999341,0.8078505396641015,0.9640175580455123,0.3024674545266375,0.5806544248549533,0.5151020408163265
LogisticRegression,Train,0.7968146718146718,0.8776583097772964,0.8087540776084522,0.9593970197528012,0.3033989117976479,0.5806544248549533,0.5353061224489796
LogisticRegression,Train,0.7955861705861705,0.8765664326400848,0.8097009446429445,0.9554695622039968,0.3050499710168967,0.5806544248549533,0.5555102040816327
LogisticRegression,Train,0.7945770445770446,0.8756440903054449,0.810582218725413,0.9520619152131223,0.3067209258981872,0.5806544248549533,0.5757142857142857
LogisticRegression,Train,0.7925587925587926,0.8741214057507987,0.8108268299911093,0.9481344576643179,0.30472127859989473,0.5806544248549533,0.5959183673469388
LogisticRegression,Train,0.7881712881712881,0.8709780865847141,0.8105043270665473,0.9412036502252512,0.29752610713404937,0.5806544248549533,0.6161224489795918
LogisticRegression,Train,0.7823359073359073,0.8668009128742112,0.809894134764939,0.9323091140117824,0.2875946055860855,0.5806544248549533,0.6363265306122449
LogisticRegression,Train,0.7728150228150228,0.8599783666846945,0.8085528322994,0.9183897424049902,0.27084261021753997,0.5806544248549533,0.656530612244898
LogisticRegression,Train,0.752939627939628,0.8454677680507148,0.805437908496732,0.8896846482615225,0.23722871203576745,0.5806544248549533,0.676734693877551
LogisticRegression,Train,0.7235872235872236,0.8229342327150084,0.8014891054418044,0.8455585075661315,0.19523523229278306,0.5806544248549533,0.6969387755102041
LogisticRegression,Train,0.6860740610740611,0.7919997674350999,0.7973075797483172,0.7867621577913827,0.15241926944989537,0.5806544248549533,0.7171428571428571
LogisticRegression,Train,0.635047385047385,0.7461547851562501,0.7910573314352272,0.7060760078549151,0.10449948727285263,0.5806544248549533,0.7373469387755102
LogisticRegression,Train,0.5755089505089505,0.6849252613410624,0.7851862913462256,0.6073697585768743,0.06602484003253861,0.5806544248549533,0.7575510204081632
LogisticRegression,Train,0.5057476307476307,0.6005177488563423,0.777859439595774,0.4890262215548111,0.03398957750298093,0.5806544248549533,0.7777551020408163
LogisticRegression,Train,0.4297560547560548,0.48500217933985806,0.7724346838318819,0.3534711793923992,0.015344946481575805,0.5806544248549533,0.7979591836734694
LogisticRegression,Train,0.3703053703053703,0.3663016601907453,0.7776527934008249,0.23957491047707058,0.013203153890609887,0.5806544248549533,0.8181632653061224
LogisticRegression,Train,0.3278343278343278,0.26670495883591805,0.7786472889882616,0.16091024604366408,0.008794467267120298,0.5806544248549533,0.8383673469387755
LogisticRegression,Train,0.2952790452790453,0.1812621062289734,0.7717013888888888,0.10269146355550422,0.0034447750811007483,0.5806544248549533,0.8585714285714285
LogisticRegression,Train,0.2688223938223938,0.10408042578356001,0.7521367521367521,0.05590851334180432,-0.0011621988138172945,0.5806544248549533,0.8787755102040816
LogisticRegression,Train,0.2533783783783784,0.049170251997541485,0.7547169811320755,0.025412960609911054,-0.0003382954155355389,0.5806544248549533,0.8989795918367347
LogisticRegression,Train,0.2467093717093717,0.022878606795287693,0.7821011673151751,0.011609102460436642,0.0006716093307963522,0.5806544248549533,0.9191836734693878
LogisticRegression,Train,0.24333099333099334,0.011010436976717513,0.7741935483870968,0.005544645951253321,0.00020905854713704208,0.5806544248549533,0.9393877551020408
LogisticRegression,Train,0.24122499122499122,0.00391659947010713,0.7083333333333334,0.001963728774402218,-0.0002849569103167138,0.5806544248549533,0.9595918367346938
LogisticRegression,Train,0.24078624078624078,0.0015002885170225045,0.8125,0.0007508374725655539,9.772043655587037e-05,0.5806544248549533,0.9797959183673469
LogisticRegression,Train,0.24034749034749034,0.0,0.0,0.0,0.0,0.5806544248549533,1.0
LogisticRegression,Test,0.7662776412776413,0.8666349548106052,0.7648592514030669,0.9996534596280466,0.042362337586167476,0.5806544248549533,0.01
LogisticRegression,Test,0.7767199017199017,0.8718297443646895,0.7729891474253048,0.9996534596280466,0.10503270612224258,0.5806544248549533,0.030204081632653063
LogisticRegression,Test,0.779966654966655,0.8734576467916529,0.7755522695702828,0.9996534596280466,0.12396695329669483,0.5806544248549533,0.05040816326530612
LogisticRegression,Test,0.7807125307125307,0.8738324834654415,0.7761434977578475,0.9996534596280466,0.12828086110482595,0.5806544248549533,0.07061224489795918
LogisticRegression,Test,0.7812829062829063,0.8741129826510771,0.7766210455463316,0.9995957028993878,0.13172787910639816,0.5806544248549533,0.09081632653061224
LogisticRegression,Test,0.7821165321165321,0.8745199110572064,0.7773335729045009,0.99948018944207,0.13683295002238127,0.5806544248549533,0.11102040816326529
LogisticRegression,Test,0.7828185328185329,0.874860956618465,0.777942631058358,0.9993646759847522,0.14116442040572708,0.5806544248549533,0.13122448979591836
LogisticRegression,Test,0.784047034047034,0.8754554655870446,0.779023687291723,0.9991336490701167,0.14878350234605742,0.5806544248549533,0.15142857142857144
LogisticRegression,Test,0.7864162864162865,0.8766408190157621,0.7809734513274337,0.9990181356127988,0.16248488793824967,0.5806544248549533,0.1716326530612245
LogisticRegression,Test,0.7884345384345385,0.8776390580592773,0.7827011858423101,0.9987871086981633,0.17438220697925477,0.5806544248549533,0.19183673469387755
LogisticRegression,Test,0.7906282906282907,0.8787293519695044,0.7845797785442004,0.9985560817835277,0.18713514907095374,0.5806544248549533,0.2120408163265306
LogisticRegression,Test,0.7932607932607932,0.880040733197556,0.7868524082673223,0.9982672981402333,0.20229505346431376,0.5806544248549533,0.23224489795918368
LogisticRegression,Test,0.7956300456300456,0.8812037745473094,0.789002557544757,0.9978052443109622,0.21625997035042877,0.5806544248549533,0.2524489795918367
LogisticRegression,Test,0.7972095472095472,0.8819593421187046,0.7905411592345023,0.9972854337530322,0.22596935037828714,0.5806544248549533,0.2726530612244898
LogisticRegression,Test,0.7981309231309232,0.8823724913715966,0.7915691940736663,0.9967078664664434,0.23222374454083405,0.5806544248549533,0.29285714285714287
LogisticRegression,Test,0.7988329238329238,0.8826255023935694,0.7926341440985792,0.9956682453505833,0.23832592888587567,0.5806544248549533,0.3130612244897959
LogisticRegression,Test,0.7998420498420499,0.8829536124794746,0.7943403194534208,0.993820030033499,0.24779234867617328,0.5806544248549533,0.333265306122449
LogisticRegression,Test,0.8001053001053001,0.8828791773778921,0.7955156119707217,0.9917985445304378,0.2536386573384465,0.5806544248549533,0.35346938775510206
LogisticRegression,Test,0.80001755001755,0.8825923445469064,0.7965408220197135,0.9894882753840822,0.2582331134150172,0.5806544248549533,0.3736734693877551
LogisticRegression,Test,0.799973674973675,0.8822724338282764,0.797860912615011,0.9866581956797967,0.2641029723974967,0.5806544248549533,0.39387755102040817
LogisticRegression,Test,0.8005440505440505,0.8822584822584822,0.7997746055597296,0.9837126025181934,0.27320751549060684,0.5806544248549533,0.4140816326530612
LogisticRegression,Test,0.8004124254124254,0.8818226690567117,0.8013598375749563,0.9802471987986601,0.27972450566269125,0.5806544248549533,0.4342857142857143
LogisticRegression,Test,0.7998859248859249,0.8810473880499701,0.8032241190736602,0.9755689037772901,0.28662309989187307,0.5806544248549533,0.45448979591836736
LogisticRegression,Test,0.7997542997542998,0.8805860805860807,0.804936381899933,0.97193022987178,0.2932150012944933,0.5806544248549533,0.4746938775510204
LogisticRegression,Test,0.7992277992277992,0.879863481228669,0.8065556411243743,0.9678295021369989,0.2986886033584345,0.5806544248549533,0.49489795918367346
LogisticRegression,Test,0.7984819234819235,0.8790520078999341,0.8078505396641015,0.9640175580455123,0.3024674545266375,0.5806544248549533,0.5151020408163265
LogisticRegression,Test,0.7968146718146718,0.8776583097772964,0.8087540776084522,0.9593970197528012,0.3033989117976479,0.5806544248549533,0.5353061224489796
LogisticRegression,Test,0.7955861705861705,0.8765664326400848,0.8097009446429445,0.9554695622039968,0.3050499710168967,0.5806544248549533,0.5555102040816327
LogisticRegression,Test,0.7945770445770446,0.8756440903054449,0.810582218725413,0.9520619152131223,0.3067209258981872,0.5806544248549533,0.5757142857142857
LogisticRegression,Test,0.7925587925587926,0.8741214057507987,0.8108268299911093,0.9481344576643179,0.30472127859989473,0.5806544248549533,0.5959183673469388
LogisticRegression,Test,0.7881712881712881,0.8709780865847141,0.8105043270665473,0.9412036502252512,0.29752610713404937,0.5806544248549533,0.6161224489795918
LogisticRegression,Test,0.7823359073359073,0.8668009128742112,0.809894134764939,0.9323091140117824,0.2875946055860855,0.5806544248549533,0.6363265306122449
LogisticRegression,Test,0.7728150228150228,0.8599783666846945,0.8085528322994,0.9183897424049902,0.27084261021753997,0.5806544248549533,0.656530612244898
LogisticRegression,Test,0.752939627939628,0.8454677680507148,0.805437908496732,0.8896846482615225,0.23722871203576745,0.5806544248549533,0.676734693877551
LogisticRegression,Test,0.7235872235872236,0.8229342327150084,0.8014891054418044,0.8455585075661315,0.19523523229278306,0.5806544248549533,0.6969387755102041
LogisticRegression,Test,0.6860740610740611,0.7919997674350999,0.7973075797483172,0.7867621577913827,0.15241926944989537,0.5806544248549533,0.7171428571428571
LogisticRegression,Test,0.635047385047385,0.7461547851562501,0.7910573314352272,0.7060760078549151,0.10449948727285263,0.5806544248549533,0.7373469387755102
LogisticRegression,Test,0.5755089505089505,0.6849252613410624,0.7851862913462256,0.6073697585768743,0.06602484003253861,0.5806544248549533,0.7575510204081632
LogisticRegression,Test,0.5057476307476307,0.6005177488563423,0.777859439595774,0.4890262215548111,0.03398957750298093,0.5806544248549533,0.7777551020408163
LogisticRegression,Test,0.4297560547560548,0.48500217933985806,0.7724346838318819,0.3534711793923992,0.015344946481575805,0.5806544248549533,0.7979591836734694
LogisticRegression,Test,0.3703053703053703,0.3663016601907453,0.7776527934008249,0.23957491047707058,0.013203153890609887,0.5806544248549533,0.8181632653061224
LogisticRegression,Test,0.3278343278343278,0.26670495883591805,0.7786472889882616,0.16091024604366408,0.008794467267120298,0.5806544248549533,0.8383673469387755
LogisticRegression,Test,0.2952790452790453,0.1812621062289734,0.7717013888888888,0.10269146355550422,0.0034447750811007483,0.5806544248549533,0.8585714285714285
LogisticRegression,Test,0.2688223938223938,0.10408042578356001,0.7521367521367521,0.05590851334180432,-0.0011621988138172945,0.5806544248549533,0.8787755102040816
LogisticRegression,Test,0.2533783783783784,0.049170251997541485,0.7547169811320755,0.025412960609911054,-0.0003382954155355389,0.5806544248549533,0.8989795918367347
LogisticRegression,Test,0.2467093717093717,0.022878606795287693,0.7821011673151751,0.011609102460436642,0.0006716093307963522,0.5806544248549533,0.9191836734693878
LogisticRegression,Test,0.24333099333099334,0.011010436976717513,0.7741935483870968,0.005544645951253321,0.00020905854713704208,0.5806544248549533,0.9393877551020408
LogisticRegression,Test,0.24122499122499122,0.00391659947010713,0.7083333333333334,0.001963728774402218,-0.0002849569103167138,0.5806544248549533,0.9595918367346938
LogisticRegression,Test,0.24078624078624078,0.0015002885170225045,0.8125,0.0007508374725655539,9.772043655587037e-05,0.5806544248549533,0.9797959183673469
LogisticRegression,Test,0.24034749034749034,0.0,0.0,0.0,0.0,0.5806544248549533,1.0
DecisionTreeClassifier,Train,1.0,1.0,1.0,1.0,1.0,1.0,0.01
DecisionTreeClassifier,Train,1.0,1.0,1.0,1.0,1.0,1.0,0.030204081632653063
DecisionTreeClassifier,Train,1.0,1.0,1.0,1.0,1.0,1.0,0.05040816326530612
DecisionTreeClassifier,Train,1.0,1.0,1.0,1.0,1.0,1.0,0.07061224489795918
DecisionTreeClassifier,Train,1.0,1.0,1.0,1.0,1.0,1.0,0.09081632653061224
DecisionTreeClassifier,Train,1.0,1.0,1.0,1.0,1.0,1.0,0.11102040816326529
DecisionTreeClassifier,Train,1.0,1.0,1.0,1.0,1.0,1.0,0.13122448979591836
DecisionTreeClassifier,Train,1.0,1.0,1.0,1.0,1.0,1.0,0.15142857142857144
DecisionTreeClassifier,Train,1.0,1.0,1.0,1.0,1.0,1.0,0.1716326530612245
DecisionTreeClassifier,Train,1.0,1.0,1.0,1.0,1.0,1.0,0.19183673469387755
DecisionTreeClassifier,Train,1.0,1.0,1.0,1.0,1.0,1.0,0.2120408163265306
DecisionTreeClassifier,Train,1.0,1.0,1.0,1.0,1.0,1.0,0.23224489795918368
DecisionTreeClassifier,Train,1.0,1.0,1.0,1.0,1.0,1.0,0.2524489795918367
DecisionTreeClassifier,Train,1.0,1.0,1.0,1.0,1.0,1.0,0.2726530612244898
DecisionTreeClassifier,Train,1.0,1.0,1.0,1.0,1.0,1.0,0.29285714285714287
DecisionTreeClassifier,Train,1.0,1.0,1.0,1.0,1.0,1.0,0.3130612244897959
DecisionTreeClassifier,Train,1.0,1.0,1.0,1.0,1.0,1.0,0.333265306122449
DecisionTreeClassifier,Train,1.0,1.0,1.0,1.0,1.0,1.0,0.35346938775510206
DecisionTreeClassifier,Train,1.0,1.0,1.0,1.0,1.0,1.0,0.3736734693877551
DecisionTreeClassifier,Train,1.0,1.0,1.0,1.0,1.0,1.0,0.39387755102040817
DecisionTreeClassifier,Train,1.0,1.0,1.0,1.0,1.0,1.0,0.4140816326530612
DecisionTreeClassifier,Train,1.0,1.0,1.0,1.0,1.0,1.0,0.4342857142857143
DecisionTreeClassifier,Train,1.0,1.0,1.0,1.0,1.0,1.0,0.45448979591836736
DecisionTreeClassifier,Train,1.0,1.0,1.0,1.0,1.0,1.0,0.4746938775510204
DecisionTreeClassifier,Train,1.0,1.0,1.0,1.0,1.0,1.0,0.49489795918367346
DecisionTreeClassifier,Train,1.0,1.0,1.0,1.0,1.0,1.0,0.5151020408163265
DecisionTreeClassifier,Train,1.0,1.0,1.0,1.0,1.0,1.0,0.5353061224489796
DecisionTreeClassifier,Train,1.0,1.0,1.0,1.0,1.0,1.0,0.5555102040816327
DecisionTreeClassifier,Train,1.0,1.0,1.0,1.0,1.0,1.0,0.5757142857142857
DecisionTreeClassifier,Train,1.0,1.0,1.0,1.0,1.0,1.0,0.5959183673469388
DecisionTreeClassifier,Train,1.0,1.0,1.0,1.0,1.0,1.0,0.6161224489795918
DecisionTreeClassifier,Train,1.0,1.0,1.0,1.0,1.0,1.0,0.6363265306122449
DecisionTreeClassifier,Train,1.0,1.0,1.0,1.0,1.0,1.0,0.656530612244898
DecisionTreeClassifier,Train,1.0,1.0,1.0,1.0,1.0,1.0,0.676734693877551
DecisionTreeClassifier,Train,1.0,1.0,1.0,1.0,1.0,1.0,0.6969387755102041
DecisionTreeClassifier,Train,1.0,1.0,1.0,1.0,1.0,1.0,0.7171428571428571
DecisionTreeClassifier,Train,1.0,1.0,1.0,1.0,1.0,1.0,0.7373469387755102
DecisionTreeClassifier,Train,1.0,1.0,1.0,1.0,1.0,1.0,0.7575510204081632
DecisionTreeClassifier,Train,1.0,1.0,1.0,1.0,1.0,1.0,0.7777551020408163
DecisionTreeClassifier,Train,1.0,1.0,1.0,1.0,1.0,1.0,0.7979591836734694
DecisionTreeClassifier,Train,1.0,1.0,1.0,1.0,1.0,1.0,0.8181632653061224
DecisionTreeClassifier,Train,1.0,1.0,1.0,1.0,1.0,1.0,0.8383673469387755
DecisionTreeClassifier,Train,1.0,1.0,1.0,1.0,1.0,1.0,0.8585714285714285
DecisionTreeClassifier,Train,1.0,1.0,1.0,1.0,1.0,1.0,0.8787755102040816
DecisionTreeClassifier,Train,1.0,1.0,1.0,1.0,1.0,1.0,0.8989795918367347
DecisionTreeClassifier,Train,1.0,1.0,1.0,1.0,1.0,1.0,0.9191836734693878
DecisionTreeClassifier,Train,1.0,1.0,1.0,1.0,1.0,1.0,0.9393877551020408
DecisionTreeClassifier,Train,1.0,1.0,1.0,1.0,1.0,1.0,0.9595918367346938
DecisionTreeClassifier,Train,1.0,1.0,1.0,1.0,1.0,1.0,0.9797959183673469
DecisionTreeClassifier,Train,0.24034749034749034,0.0,0.0,0.0,0.0,1.0,1.0
DecisionTreeClassifier,Test,1.0,1.0,1.0,1.0,1.0,1.0,0.01
DecisionTreeClassifier,Test,1.0,1.0,1.0,1.0,1.0,1.0,0.030204081632653063
DecisionTreeClassifier,Test,1.0,1.0,1.0,1.0,1.0,1.0,0.05040816326530612
DecisionTreeClassifier,Test,1.0,1.0,1.0,1.0,1.0,1.0,0.07061224489795918
DecisionTreeClassifier,Test,1.0,1.0,1.0,1.0,1.0,1.0,0.09081632653061224
DecisionTreeClassifier,Test,1.0,1.0,1.0,1.0,1.0,1.0,0.11102040816326529
DecisionTreeClassifier,Test,1.0,1.0,1.0,1.0,1.0,1.0,0.13122448979591836
DecisionTreeClassifier,Test,1.0,1.0,1.0,1.0,1.0,1.0,0.15142857142857144
DecisionTreeClassifier,Test,1.0,1.0,1.0,1.0,1.0,1.0,0.1716326530612245
DecisionTreeClassifier,Test,1.0,1.0,1.0,1.0,1.0,1.0,0.19183673469387755
DecisionTreeClassifier,Test,1.0,1.0,1.0,1.0,1.0,1.0,0.2120408163265306
DecisionTreeClassifier,Test,1.0,1.0,1.0,1.0,1.0,1.0,0.23224489795918368
DecisionTreeClassifier,Test,1.0,1.0,1.0,1.0,1.0,1.0,0.2524489795918367
DecisionTreeClassifier,Test,1.0,1.0,1.0,1.0,1.0,1.0,0.2726530612244898
DecisionTreeClassifier,Test,1.0,1.0,1.0,1.0,1.0,1.0,0.29285714285714287
DecisionTreeClassifier,Test,1.0,1.0,1.0,1.0,1.0,1.0,0.3130612244897959
DecisionTreeClassifier,Test,1.0,1.0,1.0,1.0,1.0,1.0,0.333265306122449
DecisionTreeClassifier,Test,1.0,1.0,1.0,1.0,1.0,1.0,0.35346938775510206
DecisionTreeClassifier,Test,1.0,1.0,1.0,1.0,1.0,1.0,0.3736734693877551
DecisionTreeClassifier,Test,1.0,1.0,1.0,1.0,1.0,1.0,0.39387755102040817
DecisionTreeClassifier,Test,1.0,1.0,1.0,1.0,1.0,1.0,0.4140816326530612
DecisionTreeClassifier,Test,1.0,1.0,1.0,1.0,1.0,1.0,0.4342857142857143
DecisionTreeClassifier,Test,1.0,1.0,1.0,1.0,1.0,1.0,0.45448979591836736
DecisionTreeClassifier,Test,1.0,1.0,1.0,1.0,1.0,1.0,0.4746938775510204
DecisionTreeClassifier,Test,1.0,1.0,1.0,1.0,1.0,1.0,0.49489795918367346
DecisionTreeClassifier,Test,1.0,1.0,1.0,1.0,1.0,1.0,0.5151020408163265
DecisionTreeClassifier,Test,1.0,1.0,1.0,1.0,1.0,1.0,0.5353061224489796
DecisionTreeClassifier,Test,1.0,1.0,1.0,1.0,1.0,1.0,0.5555102040816327
DecisionTreeClassifier,Test,1.0,1.0,1.0,1.0,1.0,1.0,0.5757142857142857
DecisionTreeClassifier,Test,1.0,1.0,1.0,1.0,1.0,1.0,0.5959183673469388
DecisionTreeClassifier,Test,1.0,1.0,1.0,1.0,1.0,1.0,0.6161224489795918
DecisionTreeClassifier,Test,1.0,1.0,1.0,1.0,1.0,1.0,0.6363265306122449
DecisionTreeClassifier,Test,1.0,1.0,1.0,1.0,1.0,1.0,0.656530612244898
DecisionTreeClassifier,Test,1.0,1.0,1.0,1.0,1.0,1.0,0.676734693877551
DecisionTreeClassifier,Test,1.0,1.0,1.0,1.0,1.0,1.0,0.6969387755102041
DecisionTreeClassifier,Test,1.0,1.0,1.0,1.0,1.0,1.0,0.7171428571428571
DecisionTreeClassifier,Test,1.0,1.0,1.0,1.0,1.0,1.0,0.7373469387755102
DecisionTreeClassifier,Test,1.0,1.0,1.0,1.0,1.0,1.0,0.7575510204081632
DecisionTreeClassifier,Test,1.0,1.0,1.0,1.0,1.0,1.0,0.7777551020408163
DecisionTreeClassifier,Test,1.0,1.0,1.0,1.0,1.0,1.0,0.7979591836734694
DecisionTreeClassifier,Test,1.0,1.0,1.0,1.0,1.0,1.0,0.8181632653061224
DecisionTreeClassifier,Test,1.0,1.0,1.0,1.0,1.0,1.0,0.8383673469387755
DecisionTreeClassifier,Test,1.0,1.0,1.0,1.0,1.0,1.0,0.8585714285714285
DecisionTreeClassifier,Test,1.0,1.0,1.0,1.0,1.0,1.0,0.8787755102040816
DecisionTreeClassifier,Test,1.0,1.0,1.0,1.0,1.0,1.0,0.8989795918367347
DecisionTreeClassifier,Test,1.0,1.0,1.0,1.0,1.0,1.0,0.9191836734693878
DecisionTreeClassifier,Test,1.0,1.0,1.0,1.0,1.0,1.0,0.9393877551020408
DecisionTreeClassifier,Test,1.0,1.0,1.0,1.0,1.0,1.0,0.9595918367346938
DecisionTreeClassifier,Test,1.0,1.0,1.0,1.0,1.0,1.0,0.9797959183673469
DecisionTreeClassifier,Test,0.24034749034749034,0.0,0.0,0.0,0.0,1.0,1.0
RandomForestClassifier,Train,0.788961038961039,0.8780364115827375,0.7825890435725908,1.0,0.1742341487212391,1.0,0.01
RandomForestClassifier,Train,0.8107230607230608,0.8892198654409121,0.8005363417791751,1.0,0.2907487812309568,1.0,0.030204081632653063
RandomForestClassifier,Train,0.8276588276588277,0.898122211847702,0.8150833254872423,1.0,0.3748132616635028,1.0,0.05040816326530612
RandomForestClassifier,Train,0.8431467181467182,0.9064209617045781,0.8288572933122696,1.0,0.44712825245237287,1.0,0.07061224489795918
RandomForestClassifier,Train,0.8571867321867321,0.9140775545759311,0.8417521512956391,1.0,0.5092285432113426,1.0,0.09081632653061224
RandomForestClassifier,Train,0.8701298701298701,0.9212514632329466,0.8540001972970307,1.0,0.5637827721962159,1.0,0.11102040816326529
RandomForestClassifier,Train,0.8832046332046332,0.9286135693215339,0.8667400881057269,1.0,0.6164465712852021,1.0,0.13122448979591836
RandomForestClassifier,Train,0.8955773955773956,0.9356895806312149,0.8791510104600386,1.0,0.6641646912556531,1.0,0.15142857142857144
RandomForestClassifier,Train,0.9075991575991575,0.9426689170795448,0.8915550978372812,1.0,0.7086772886917733,1.0,0.1716326530612245
RandomForestClassifier,Train,0.9174271674271675,0.948452478772939,0.9019587414044593,1.0,0.7437859533741505,1.0,0.19183673469387755
RandomForestClassifier,Train,0.9282204282204283,0.9548863887050518,0.9136675461741425,1.0,0.7810835260863702,1.0,0.2120408163265306
RandomForestClassifier,Train,0.9394963144963145,0.961701891298914,0.9262290697052372,1.0,0.8187108129337464,1.0,0.23224489795918368
RandomForestClassifier,Train,0.9492804492804493,0.967695059244355,0.9374120194910666,1.0,0.850306307999906,1.0,0.2524489795918367
RandomForestClassifier,Train,0.9585819585819586,0.9734622736984144,0.9482966370905904,1.0,0.8794769856429848,1.0,0.2726530612244898
RandomForestClassifier,Train,0.9684977184977185,0.9796865274712839,0.9601818988464951,1.0,0.9096843064328599,1.0,0.29285714285714287
RandomForestClassifier,Train,0.9767023517023518,0.9848971813760345,0.9702437657607172,1.0,0.9340126913618276,1.0,0.3130612244897959
RandomForestClassifier,Train,0.9843366093366094,0.9897956266971558,0.9797974081828985,1.0,0.9561282828879522,1.0,0.333265306122449
RandomForestClassifier,Train,0.98999648999649,0.993458801927932,0.9870026222779614,1.0,0.9722098688566713,1.0,0.35346938775510206
RandomForestClassifier,Train,0.9936819936819937,0.995858736914759,0.9917516324894031,1.0,0.9825411649053821,1.0,0.3736734693877551
RandomForestClassifier,Train,0.9967532467532467,0.9978675580658176,0.9957441913963653,1.0,0.9910674670494585,1.0,0.39387755102040817
RandomForestClassifier,Train,0.9984204984204984,0.9989614585737364,0.9979250720461095,1.0,0.9956647701198326,1.0,0.4140816326530612
RandomForestClassifier,Train,0.9994734994734995,0.9996535796766743,0.9993073992843126,1.0,0.9985570889966894,1.0,0.4342857142857143
RandomForestClassifier,Train,0.9996928746928747,0.9997978923054713,0.9995958662894752,1.0,0.9991585646217033,1.0,0.45448979591836736
RandomForestClassifier,Train,0.9999122499122499,0.9999422466069883,0.9998844998844999,1.0,0.9997596649042093,1.0,0.4746938775510204
RandomForestClassifier,Train,0.9999122499122499,0.9999422466069883,0.9998844998844999,1.0,0.9997596649042093,1.0,0.49489795918367346
RandomForestClassifier,Train,1.0,1.0,1.0,1.0,1.0,1.0,0.5151020408163265
RandomForestClassifier,Train,1.0,1.0,1.0,1.0,1.0,1.0,0.5353061224489796
RandomForestClassifier,Train,1.0,1.0,1.0,1.0,1.0,1.0,0.5555102040816327
RandomForestClassifier,Train,0.9998244998244998,0.999884473197782,1.0,0.9997689730853645,0.9995195097143912,1.0,0.5757142857142857
RandomForestClassifier,Train,0.9995173745173745,0.9996822370511599,1.0,0.9993646759847522,0.9986792284450338,1.0,0.5959183673469388
RandomForestClassifier,Train,0.9989908739908739,0.9993353561624043,1.0,0.9986715952408456,0.9972404515431027,1.0,0.6161224489795918
RandomForestClassifier,Train,0.9976307476307477,0.9984381327008734,1.0,0.99688113665242,0.9935335500837781,1.0,0.6363265306122449
RandomForestClassifier,Train,0.9961389961389961,0.9974522292993631,1.0,0.9949174078780177,0.9894843152878364,1.0,0.656530612244898
RandomForestClassifier,Train,0.9937697437697438,0.9958823870556168,1.0,0.9917985445304378,0.9830881798433985,1.0,0.676734693877551
RandomForestClassifier,Train,0.9907862407862408,0.9938985414608635,1.0,0.9878710869816334,0.9750943064458077,1.0,0.6969387755102041
RandomForestClassifier,Train,0.9860477360477361,0.9907315651413582,1.0,0.9816333602864734,0.962534866837339,1.0,0.7171428571428571
RandomForestClassifier,Train,0.980036855036855,0.9866853949024084,1.0,0.9737206884602057,0.9468398118811859,1.0,0.7373469387755102
RandomForestClassifier,Train,0.9718322218322218,0.9811098687694934,1.0,0.9629201802009935,0.9258330500967464,1.0,0.7575510204081632
RandomForestClassifier,Train,0.9637153387153388,0.9755332682465016,1.0,0.952235185399099,0.9055096678194541,1.0,0.7777551020408163
RandomForestClassifier,Train,0.9536240786240786,0.9685144916743618,1.0,0.9389511378075546,0.880856547432401,1.0,0.7979591836734694
RandomForestClassifier,Train,0.9424359424359424,0.9606195221515188,1.0,0.924223171999538,0.8542882956977467,1.0,0.8181632653061224
RandomForestClassifier,Train,0.9290979290979291,0.9510481037198595,1.0,0.9066651264872357,0.8236183308083416,1.0,0.8383673469387755
RandomForestClassifier,Train,0.9142681642681643,0.9401970986105159,1.0,0.8871433522005313,0.7907357160046742,1.0,0.8585714285714285
RandomForestClassifier,Train,0.8955773955773956,0.9261969734557182,1.0,0.8625389857918447,0.7510121367546916,1.0,0.8787755102040816
RandomForestClassifier,Train,0.8739469989469989,0.9095260588883641,1.0,0.8340649185630126,0.7072763046115251,1.0,0.8989795918367347
RandomForestClassifier,Train,0.8463934713934714,0.8875252995791434,1.0,0.7977936929652304,0.6547623194944561,1.0,0.9191836734693878
RandomForestClassifier,Train,0.810942435942436,0.8578778983475708,1.0,0.7511262562088483,0.5919676902959925,1.0,0.9393877551020408
RandomForestClassifier,Train,0.765005265005265,0.817026509975403,1.0,0.6906549613029918,0.517657837776754,1.0,0.9595918367346938
RandomForestClassifier,Train,0.6950684450684451,0.7488980417660235,1.0,0.5985907358207231,0.417528915650175,1.0,0.9797959183673469
RandomForestClassifier,Train,0.24034749034749034,0.0,0.0,0.0,0.0,1.0,1.0
RandomForestClassifier,Test,0.788961038961039,0.8780364115827375,0.7825890435725908,1.0,0.1742341487212391,1.0,0.01
RandomForestClassifier,Test,0.8107230607230608,0.8892198654409121,0.8005363417791751,1.0,0.2907487812309568,1.0,0.030204081632653063
RandomForestClassifier,Test,0.8276588276588277,0.898122211847702,0.8150833254872423,1.0,0.3748132616635028,1.0,0.05040816326530612
RandomForestClassifier,Test,0.8431467181467182,0.9064209617045781,0.8288572933122696,1.0,0.44712825245237287,1.0,0.07061224489795918
RandomForestClassifier,Test,0.8571867321867321,0.9140775545759311,0.8417521512956391,1.0,0.5092285432113426,1.0,0.09081632653061224
RandomForestClassifier,Test,0.8701298701298701,0.9212514632329466,0.8540001972970307,1.0,0.5637827721962159,1.0,0.11102040816326529
RandomForestClassifier,Test,0.8832046332046332,0.9286135693215339,0.8667400881057269,1.0,0.6164465712852021,1.0,0.13122448979591836
RandomForestClassifier,Test,0.8955773955773956,0.9356895806312149,0.8791510104600386,1.0,0.6641646912556531,1.0,0.15142857142857144
RandomForestClassifier,Test,0.9075991575991575,0.9426689170795448,0.8915550978372812,1.0,0.7086772886917733,1.0,0.1716326530612245
RandomForestClassifier,Test,0.9174271674271675,0.948452478772939,0.9019587414044593,1.0,0.7437859533741505,1.0,0.19183673469387755
RandomForestClassifier,Test,0.9282204282204283,0.9548863887050518,0.9136675461741425,1.0,0.7810835260863702,1.0,0.2120408163265306
RandomForestClassifier,Test,0.9394963144963145,0.961701891298914,0.9262290697052372,1.0,0.8187108129337464,1.0,0.23224489795918368
RandomForestClassifier,Test,0.9492804492804493,0.967695059244355,0.9374120194910666,1.0,0.850306307999906,1.0,0.2524489795918367
RandomForestClassifier,Test,0.9585819585819586,0.9734622736984144,0.9482966370905904,1.0,0.8794769856429848,1.0,0.2726530612244898
RandomForestClassifier,Test,0.9684977184977185,0.9796865274712839,0.9601818988464951,1.0,0.9096843064328599,1.0,0.29285714285714287
RandomForestClassifier,Test,0.9767023517023518,0.9848971813760345,0.9702437657607172,1.0,0.9340126913618276,1.0,0.3130612244897959
RandomForestClassifier,Test,0.9843366093366094,0.9897956266971558,0.9797974081828985,1.0,0.9561282828879522,1.0,0.333265306122449
RandomForestClassifier,Test,0.98999648999649,0.993458801927932,0.9870026222779614,1.0,0.9722098688566713,1.0,0.35346938775510206
RandomForestClassifier,Test,0.9936819936819937,0.995858736914759,0.9917516324894031,1.0,0.9825411649053821,1.0,0.3736734693877551
RandomForestClassifier,Test,0.9967532467532467,0.9978675580658176,0.9957441913963653,1.0,0.9910674670494585,1.0,0.39387755102040817
RandomForestClassifier,Test,0.9984204984204984,0.9989614585737364,0.9979250720461095,1.0,0.9956647701198326,1.0,0.4140816326530612
RandomForestClassifier,Test,0.9994734994734995,0.9996535796766743,0.9993073992843126,1.0,0.9985570889966894,1.0,0.4342857142857143
RandomForestClassifier,Test,0.9996928746928747,0.9997978923054713,0.9995958662894752,1.0,0.9991585646217033,1.0,0.45448979591836736
RandomForestClassifier,Test,0.9999122499122499,0.9999422466069883,0.9998844998844999,1.0,0.9997596649042093,1.0,0.4746938775510204
RandomForestClassifier,Test,0.9999122499122499,0.9999422466069883,0.9998844998844999,1.0,0.9997596649042093,1.0,0.49489795918367346
RandomForestClassifier,Test,1.0,1.0,1.0,1.0,1.0,1.0,0.5151020408163265
RandomForestClassifier,Test,1.0,1.0,1.0,1.0,1.0,1.0,0.5353061224489796
RandomForestClassifier,Test,1.0,1.0,1.0,1.0,1.0,1.0,0.5555102040816327
RandomForestClassifier,Test,0.9998244998244998,0.999884473197782,1.0,0.9997689730853645,0.9995195097143912,1.0,0.5757142857142857
RandomForestClassifier,Test,0.9995173745173745,0.9996822370511599,1.0,0.9993646759847522,0.9986792284450338,1.0,0.5959183673469388
RandomForestClassifier,Test,0.9989908739908739,0.9993353561624043,1.0,0.9986715952408456,0.9972404515431027,1.0,0.6161224489795918
RandomForestClassifier,Test,0.9976307476307477,0.9984381327008734,1.0,0.99688113665242,0.9935335500837781,1.0,0.6363265306122449
RandomForestClassifier,Test,0.9961389961389961,0.9974522292993631,1.0,0.9949174078780177,0.9894843152878364,1.0,0.656530612244898
RandomForestClassifier,Test,0.9937697437697438,0.9958823870556168,1.0,0.9917985445304378,0.9830881798433985,1.0,0.676734693877551
RandomForestClassifier,Test,0.9907862407862408,0.9938985414608635,1.0,0.9878710869816334,0.9750943064458077,1.0,0.6969387755102041
RandomForestClassifier,Test,0.9860477360477361,0.9907315651413582,1.0,0.9816333602864734,0.962534866837339,1.0,0.7171428571428571
RandomForestClassifier,Test,0.980036855036855,0.9866853949024084,1.0,0.9737206884602057,0.9468398118811859,1.0,0.7373469387755102
RandomForestClassifier,Test,0.9718322218322218,0.9811098687694934,1.0,0.9629201802009935,0.9258330500967464,1.0,0.7575510204081632
RandomForestClassifier,Test,0.9637153387153388,0.9755332682465016,1.0,0.952235185399099,0.9055096678194541,1.0,0.7777551020408163
RandomForestClassifier,Test,0.9536240786240786,0.9685144916743618,1.0,0.9389511378075546,0.880856547432401,1.0,0.7979591836734694
RandomForestClassifier,Test,0.9424359424359424,0.9606195221515188,1.0,0.924223171999538,0.8542882956977467,1.0,0.8181632653061224
RandomForestClassifier,Test,0.9290979290979291,0.9510481037198595,1.0,0.9066651264872357,0.8236183308083416,1.0,0.8383673469387755
RandomForestClassifier,Test,0.9142681642681643,0.9401970986105159,1.0,0.8871433522005313,0.7907357160046742,1.0,0.8585714285714285
RandomForestClassifier,Test,0.8955773955773956,0.9261969734557182,1.0,0.8625389857918447,0.7510121367546916,1.0,0.8787755102040816
RandomForestClassifier,Test,0.8739469989469989,0.9095260588883641,1.0,0.8340649185630126,0.7072763046115251,1.0,0.8989795918367347
RandomForestClassifier,Test,0.8463934713934714,0.8875252995791434,1.0,0.7977936929652304,0.6547623194944561,1.0,0.9191836734693878
RandomForestClassifier,Test,0.810942435942436,0.8578778983475708,1.0,0.7511262562088483,0.5919676902959925,1.0,0.9393877551020408
RandomForestClassifier,Test,0.765005265005265,0.817026509975403,1.0,0.6906549613029918,0.517657837776754,1.0,0.9595918367346938
RandomForestClassifier,Test,0.6950684450684451,0.7488980417660235,1.0,0.5985907358207231,0.417528915650175,1.0,0.9797959183673469
RandomForestClassifier,Test,0.24034749034749034,0.0,0.0,0.0,0.0,1.0,1.0
KNeighborsClassifier,Train,0.8007195507195507,0.8840439111564974,0.7921852122986823,1.0,0.23843945791205257,0.8662266179612333,0.01
KNeighborsClassifier,Train,0.8007195507195507,0.8840439111564974,0.7921852122986823,1.0,0.23843945791205257,0.8662266179612333,0.030204081632653063
KNeighborsClassifier,Train,0.8007195507195507,0.8840439111564974,0.7921852122986823,1.0,0.23843945791205257,0.8662266179612333,0.05040816326530612
KNeighborsClassifier,Train,0.8007195507195507,0.8840439111564974,0.7921852122986823,1.0,0.23843945791205257,0.8662266179612333,0.07061224489795918
KNeighborsClassifier,Train,0.8007195507195507,0.8840439111564974,0.7921852122986823,1.0,0.23843945791205257,0.8662266179612333,0.09081632653061224
KNeighborsClassifier,Train,0.8007195507195507,0.8840439111564974,0.7921852122986823,1.0,0.23843945791205257,0.8662266179612333,0.11102040816326529
KNeighborsClassifier,Train,0.8007195507195507,0.8840439111564974,0.7921852122986823,1.0,0.23843945791205257,0.8662266179612333,0.13122448979591836
KNeighborsClassifier,Train,0.8007195507195507,0.8840439111564974,0.7921852122986823,1.0,0.23843945791205257,0.8662266179612333,0.15142857142857144
KNeighborsClassifier,Train,0.8007195507195507,0.8840439111564974,0.7921852122986823,1.0,0.23843945791205257,0.8662266179612333,0.1716326530612245
KNeighborsClassifier,Train,0.8007195507195507,0.8840439111564974,0.7921852122986823,1.0,0.23843945791205257,0.8662266179612333,0.19183673469387755
KNeighborsClassifier,Train,0.8196296946296946,0.8932235526349964,0.8115825742200405,0.9931269492895922,0.34864769714092936,0.8662266179612333,0.2120408163265306
KNeighborsClassifier,Train,0.8196296946296946,0.8932235526349964,0.8115825742200405,0.9931269492895922,0.34864769714092936,0.8662266179612333,0.23224489795918368
KNeighborsClassifier,Train,0.8196296946296946,0.8932235526349964,0.8115825742200405,0.9931269492895922,0.34864769714092936,0.8662266179612333,0.2524489795918367
KNeighborsClassifier,Train,0.8196296946296946,0.8932235526349964,0.8115825742200405,0.9931269492895922,0.34864769714092936,0.8662266179612333,0.2726530612244898
KNeighborsClassifier,Train,0.8196296946296946,0.8932235526349964,0.8115825742200405,0.9931269492895922,0.34864769714092936,0.8662266179612333,0.29285714285714287
KNeighborsClassifier,Train,0.8196296946296946,0.8932235526349964,0.8115825742200405,0.9931269492895922,0.34864769714092936,0.8662266179612333,0.3130612244897959
KNeighborsClassifier,Train,0.8196296946296946,0.8932235526349964,0.8115825742200405,0.9931269492895922,0.34864769714092936,0.8662266179612333,0.333265306122449
KNeighborsClassifier,Train,0.8196296946296946,0.8932235526349964,0.8115825742200405,0.9931269492895922,0.34864769714092936,0.8662266179612333,0.35346938775510206
KNeighborsClassifier,Train,0.8196296946296946,0.8932235526349964,0.8115825742200405,0.9931269492895922,0.34864769714092936,0.8662266179612333,0.3736734693877551
KNeighborsClassifier,Train,0.8196296946296946,0.8932235526349964,0.8115825742200405,0.9931269492895922,0.34864769714092936,0.8662266179612333,0.39387755102040817
KNeighborsClassifier,Train,0.8346788346788346,0.8979304366670279,0.845525966738088,0.9572600207924223,0.47186822356924807,0.8662266179612333,0.4140816326530612
KNeighborsClassifier,Train,0.8346788346788346,0.8979304366670279,0.845525966738088,0.9572600207924223,0.47186822356924807,0.8662266179612333,0.4342857142857143
KNeighborsClassifier,Train,0.8346788346788346,0.8979304366670279,0.845525966738088,0.9572600207924223,0.47186822356924807,0.8662266179612333,0.45448979591836736
KNeighborsClassifier,Train,0.8346788346788346,0.8979304366670279,0.845525966738088,0.9572600207924223,0.47186822356924807,0.8662266179612333,0.4746938775510204
KNeighborsClassifier,Train,0.8346788346788346,0.8979304366670279,0.845525966738088,0.9572600207924223,0.47186822356924807,0.8662266179612333,0.49489795918367346
KNeighborsClassifier,Train,0.8346788346788346,0.8979304366670279,0.845525966738088,0.9572600207924223,0.47186822356924807,0.8662266179612333,0.5151020408163265
KNeighborsClassifier,Train,0.8346788346788346,0.8979304366670279,0.845525966738088,0.9572600207924223,0.47186822356924807,0.8662266179612333,0.5353061224489796
KNeighborsClassifier,Train,0.8346788346788346,0.8979304366670279,0.845525966738088,0.9572600207924223,0.47186822356924807,0.8662266179612333,0.5555102040816327
KNeighborsClassifier,Train,0.8346788346788346,0.8979304366670279,0.845525966738088,0.9572600207924223,0.47186822356924807,0.8662266179612333,0.5757142857142857
KNeighborsClassifier,Train,0.8346788346788346,0.8979304366670279,0.845525966738088,0.9572600207924223,0.47186822356924807,0.8662266179612333,0.5959183673469388
KNeighborsClassifier,Train,0.7958494208494209,0.8583346019181002,0.9076041465456185,0.814138847175696,0.4969008391686338,0.8662266179612333,0.6161224489795918
KNeighborsClassifier,Train,0.7958494208494209,0.8583346019181002,0.9076041465456185,0.814138847175696,0.4969008391686338,0.8662266179612333,0.6363265306122449
KNeighborsClassifier,Train,0.7958494208494209,0.8583346019181002,0.9076041465456185,0.814138847175696,0.4969008391686338,0.8662266179612333,0.656530612244898
KNeighborsClassifier,Train,0.7958494208494209,0.8583346019181002,0.9076041465456185,0.814138847175696,0.4969008391686338,0.8662266179612333,0.676734693877551
KNeighborsClassifier,Train,0.7958494208494209,0.8583346019181002,0.9076041465456185,0.814138847175696,0.4969008391686338,0.8662266179612333,0.6969387755102041
KNeighborsClassifier,Train,0.7958494208494209,0.8583346019181002,0.9076041465456185,0.814138847175696,0.4969008391686338,0.8662266179612333,0.7171428571428571
KNeighborsClassifier,Train,0.7958494208494209,0.8583346019181002,0.9076041465456185,0.814138847175696,0.4969008391686338,0.8662266179612333,0.7373469387755102
KNeighborsClassifier,Train,0.7958494208494209,0.8583346019181002,0.9076041465456185,0.814138847175696,0.4969008391686338,0.8662266179612333,0.7575510204081632
KNeighborsClassifier,Train,0.7958494208494209,0.8583346019181002,0.9076041465456185,0.814138847175696,0.4969008391686338,0.8662266179612333,0.7777551020408163
KNeighborsClassifier,Train,0.7958494208494209,0.8583346019181002,0.9076041465456185,0.814138847175696,0.4969008391686338,0.8662266179612333,0.7979591836734694
KNeighborsClassifier,Train,0.5854247104247104,0.6247269550021843,1.0,0.4542566709021601,0.2857718415979532,0.8662266179612333,0.8181632653061224
KNeighborsClassifier,Train,0.5854247104247104,0.6247269550021843,1.0,0.4542566709021601,0.2857718415979532,0.8662266179612333,0.8383673469387755
KNeighborsClassifier,Train,0.5854247104247104,0.6247269550021843,1.0,0.4542566709021601,0.2857718415979532,0.8662266179612333,0.8585714285714285
KNeighborsClassifier,Train,0.5854247104247104,0.6247269550021843,1.0,0.4542566709021601,0.2857718415979532,0.8662266179612333,0.8787755102040816
KNeighborsClassifier,Train,0.5854247104247104,0.6247269550021843,1.0,0.4542566709021601,0.2857718415979532,0.8662266179612333,0.8989795918367347
KNeighborsClassifier,Train,0.5854247104247104,0.6247269550021843,1.0,0.4542566709021601,0.2857718415979532,0.8662266179612333,0.9191836734693878
KNeighborsClassifier,Train,0.5854247104247104,0.6247269550021843,1.0,0.4542566709021601,0.2857718415979532,0.8662266179612333,0.9393877551020408
KNeighborsClassifier,Train,0.5854247104247104,0.6247269550021843,1.0,0.4542566709021601,0.2857718415979532,0.8662266179612333,0.9595918367346938
KNeighborsClassifier,Train,0.5854247104247104,0.6247269550021843,1.0,0.4542566709021601,0.2857718415979532,0.8662266179612333,0.9797959183673469
KNeighborsClassifier,Train,0.24034749034749034,0.0,0.0,0.0,0.0,0.8662266179612333,1.0
KNeighborsClassifier,Test,0.8007195507195507,0.8840439111564974,0.7921852122986823,1.0,0.23843945791205257,0.8662266179612333,0.01
KNeighborsClassifier,Test,0.8007195507195507,0.8840439111564974,0.7921852122986823,1.0,0.23843945791205257,0.8662266179612333,0.030204081632653063
KNeighborsClassifier,Test,0.8007195507195507,0.8840439111564974,0.7921852122986823,1.0,0.23843945791205257,0.8662266179612333,0.05040816326530612
KNeighborsClassifier,Test,0.8007195507195507,0.8840439111564974,0.7921852122986823,1.0,0.23843945791205257,0.8662266179612333,0.07061224489795918
KNeighborsClassifier,Test,0.8007195507195507,0.8840439111564974,0.7921852122986823,1.0,0.23843945791205257,0.8662266179612333,0.09081632653061224
KNeighborsClassifier,Test,0.8007195507195507,0.8840439111564974,0.7921852122986823,1.0,0.23843945791205257,0.8662266179612333,0.11102040816326529
KNeighborsClassifier,Test,0.8007195507195507,0.8840439111564974,0.7921852122986823,1.0,0.23843945791205257,0.8662266179612333,0.13122448979591836
KNeighborsClassifier,Test,0.8007195507195507,0.8840439111564974,0.7921852122986823,1.0,0.23843945791205257,0.8662266179612333,0.15142857142857144
KNeighborsClassifier,Test,0.8007195507195507,0.8840439111564974,0.7921852122986823,1.0,0.23843945791205257,0.8662266179612333,0.1716326530612245
KNeighborsClassifier,Test,0.8007195507195507,0.8840439111564974,0.7921852122986823,1.0,0.23843945791205257,0.8662266179612333,0.19183673469387755
KNeighborsClassifier,Test,0.8196296946296946,0.8932235526349964,0.8115825742200405,0.9931269492895922,0.34864769714092936,0.8662266179612333,0.2120408163265306
KNeighborsClassifier,Test,0.8196296946296946,0.8932235526349964,0.8115825742200405,0.9931269492895922,0.34864769714092936,0.8662266179612333,0.23224489795918368
KNeighborsClassifier,Test,0.8196296946296946,0.8932235526349964,0.8115825742200405,0.9931269492895922,0.34864769714092936,0.8662266179612333,0.2524489795918367
KNeighborsClassifier,Test,0.8196296946296946,0.8932235526349964,0.8115825742200405,0.9931269492895922,0.34864769714092936,0.8662266179612333,0.2726530612244898
KNeighborsClassifier,Test,0.8196296946296946,0.8932235526349964,0.8115825742200405,0.9931269492895922,0.34864769714092936,0.8662266179612333,0.29285714285714287
KNeighborsClassifier,Test,0.8196296946296946,0.8932235526349964,0.8115825742200405,0.9931269492895922,0.34864769714092936,0.8662266179612333,0.3130612244897959
KNeighborsClassifier,Test,0.8196296946296946,0.8932235526349964,0.8115825742200405,0.9931269492895922,0.34864769714092936,0.8662266179612333,0.333265306122449
KNeighborsClassifier,Test,0.8196296946296946,0.8932235526349964,0.8115825742200405,0.9931269492895922,0.34864769714092936,0.8662266179612333,0.35346938775510206
KNeighborsClassifier,Test,0.8196296946296946,0.8932235526349964,0.8115825742200405,0.9931269492895922,0.34864769714092936,0.8662266179612333,0.3736734693877551
KNeighborsClassifier,Test,0.8196296946296946,0.8932235526349964,0.8115825742200405,0.9931269492895922,0.34864769714092936,0.8662266179612333,0.39387755102040817
KNeighborsClassifier,Test,0.8346788346788346,0.8979304366670279,0.845525966738088,0.9572600207924223,0.47186822356924807,0.8662266179612333,0.4140816326530612
KNeighborsClassifier,Test,0.8346788346788346,0.8979304366670279,0.845525966738088,0.9572600207924223,0.47186822356924807,0.8662266179612333,0.4342857142857143
KNeighborsClassifier,Test,0.8346788346788346,0.8979304366670279,0.845525966738088,0.9572600207924223,0.47186822356924807,0.8662266179612333,0.45448979591836736
KNeighborsClassifier,Test,0.8346788346788346,0.8979304366670279,0.845525966738088,0.9572600207924223,0.47186822356924807,0.8662266179612333,0.4746938775510204
KNeighborsClassifier,Test,0.8346788346788346,0.8979304366670279,0.845525966738088,0.9572600207924223,0.47186822356924807,0.8662266179612333,0.49489795918367346
KNeighborsClassifier,Test,0.8346788346788346,0.8979304366670279,0.845525966738088,0.9572600207924223,0.47186822356924807,0.8662266179612333,0.5151020408163265
KNeighborsClassifier,Test,0.8346788346788346,0.8979304366670279,0.845525966738088,0.9572600207924223,0.47186822356924807,0.8662266179612333,0.5353061224489796
KNeighborsClassifier,Test,0.8346788346788346,0.8979304366670279,0.845525966738088,0.9572600207924223,0.47186822356924807,0.8662266179612333,0.5555102040816327
KNeighborsClassifier,Test,0.8346788346788346,0.8979304366670279,0.845525966738088,0.9572600207924223,0.47186822356924807,0.8662266179612333,0.5757142857142857
KNeighborsClassifier,Test,0.8346788346788346,0.8979304366670279,0.845525966738088,0.9572600207924223,0.47186822356924807,0.8662266179612333,0.5959183673469388
KNeighborsClassifier,Test,0.7958494208494209,0.8583346019181002,0.9076041465456185,0.814138847175696,0.4969008391686338,0.8662266179612333,0.6161224489795918
KNeighborsClassifier,Test,0.7958494208494209,0.8583346019181002,0.9076041465456185,0.814138847175696,0.4969008391686338,0.8662266179612333,0.6363265306122449
KNeighborsClassifier,Test,0.7958494208494209,0.8583346019181002,0.9076041465456185,0.814138847175696,0.4969008391686338,0.8662266179612333,0.656530612244898
KNeighborsClassifier,Test,0.7958494208494209,0.8583346019181002,0.9076041465456185,0.814138847175696,0.4969008391686338,0.8662266179612333,0.676734693877551
KNeighborsClassifier,Test,0.7958494208494209,0.8583346019181002,0.9076041465456185,0.814138847175696,0.4969008391686338,0.8662266179612333,0.6969387755102041
KNeighborsClassifier,Test,0.7958494208494209,0.8583346019181002,0.9076041465456185,0.814138847175696,0.4969008391686338,0.8662266179612333,0.7171428571428571
KNeighborsClassifier,Test,0.7958494208494209,0.8583346019181002,0.9076041465456185,0.814138847175696,0.4969008391686338,0.8662266179612333,0.7373469387755102
KNeighborsClassifier,Test,0.7958494208494209,0.8583346019181002,0.9076041465456185,0.814138847175696,0.4969008391686338,0.8662266179612333,0.7575510204081632
KNeighborsClassifier,Test,0.7958494208494209,0.8583346019181002,0.9076041465456185,0.814138847175696,0.4969008391686338,0.8662266179612333,0.7777551020408163
KNeighborsClassifier,Test,0.7958494208494209,0.8583346019181002,0.9076041465456185,0.814138847175696,0.4969008391686338,0.8662266179612333,0.7979591836734694
KNeighborsClassifier,Test,0.5854247104247104,0.6247269550021843,1.0,0.4542566709021601,0.2857718415979532,0.8662266179612333,0.8181632653061224
KNeighborsClassifier,Test,0.5854247104247104,0.6247269550021843,1.0,0.4542566709021601,0.2857718415979532,0.8662266179612333,0.8383673469387755
KNeighborsClassifier,Test,0.5854247104247104,0.6247269550021843,1.0,0.4542566709021601,0.2857718415979532,0.8662266179612333,0.8585714285714285
KNeighborsClassifier,Test,0.5854247104247104,0.6247269550021843,1.0,0.4542566709021601,0.2857718415979532,0.8662266179612333,0.8787755102040816
KNeighborsClassifier,Test,0.5854247104247104,0.6247269550021843,1.0,0.4542566709021601,0.2857718415979532,0.8662266179612333,0.8989795918367347
KNeighborsClassifier,Test,0.5854247104247104,0.6247269550021843,1.0,0.4542566709021601,0.2857718415979532,0.8662266179612333,0.9191836734693878
KNeighborsClassifier,Test,0.5854247104247104,0.6247269550021843,1.0,0.4542566709021601,0.2857718415979532,0.8662266179612333,0.9393877551020408
KNeighborsClassifier,Test,0.5854247104247104,0.6247269550021843,1.0,0.4542566709021601,0.2857718415979532,0.8662266179612333,0.9595918367346938
KNeighborsClassifier,Test,0.5854247104247104,0.6247269550021843,1.0,0.4542566709021601,0.2857718415979532,0.8662266179612333,0.9797959183673469
KNeighborsClassifier,Test,0.24034749034749034,0.0,0.0,0.0,0.0,0.8662266179612333,1.0
GaussianNB,Train,0.8084415584415584,0.8848567962445276,0.8142108328479907,0.9689268799815178,0.3399089830761759,0.8298391777702343,0.01
GaussianNB,Train,0.8062916812916813,0.8832782551222736,0.8144410316415582,0.9648261522467367,0.3373392910799251,0.8298391777702343,0.030204081632653063
GaussianNB,Train,0.8041418041418041,0.8818109610802225,0.8140887759092686,0.9618228023564745,0.332844776150408,0.8298391777702343,0.05040816326530612
GaussianNB,Train,0.803088803088803,0.8810999841042759,0.8138703993735317,0.9604366408686612,0.330504969986557,0.8298391777702343,0.07061224489795918
GaussianNB,Train,0.8024306774306774,0.8806551641885983,0.8137336533281089,0.9595702899387779,0.3290470041671473,0.8298391777702343,0.09081632653061224
GaussianNB,Train,0.8015093015093016,0.8800318217979316,0.8135418709550892,0.9583573986369412,0.3270115285825219,0.8298391777702343,0.11102040816326529
GaussianNB,Train,0.801026676026676,0.8797050319637126,0.8134412558253618,0.9577220746216935,0.3259479605530652,0.8298391777702343,0.13122448979591836
GaussianNB,Train,0.8006318006318006,0.8794375165826479,0.8133588535531998,0.9572022640637634,0.32507911092963804,0.8298391777702343,0.15142857142857144
GaussianNB,Train,0.8003246753246753,0.8792293607196878,0.8132947125533899,0.9567979669631512,0.3244041725332586,0.8298391777702343,0.1716326530612245
GaussianNB,Train,0.80001755001755,0.8790082820131664,0.8132920719127615,0.9562781564052212,0.3239383223330995,0.8298391777702343,0.19183673469387755
GaussianNB,Train,0.7998859248859249,0.8789125759949028,0.813295337296713,0.9560471294905857,0.3237537907573501,0.8298391777702343,0.2120408163265306
GaussianNB,Train,0.7994471744471745,0.8786019706265105,0.8132651556123703,0.955354048746679,0.32300088549950956,0.8298391777702343,0.23224489795918368
GaussianNB,Train,0.7992277992277992,0.8784207449917637,0.8133733517024208,0.9547764814600901,0.32304135146805824,0.8298391777702343,0.2524489795918367
GaussianNB,Train,0.7987890487890488,0.8781097172017861,0.813343180699163,0.9540834007161835,0.32229088724323596,0.8298391777702343,0.2726530612244898
GaussianNB,Train,0.7984380484380484,0.8778516352034034,0.813362238864801,0.9534480767009357,0.32183727231586634,0.8298391777702343,0.29285714285714287
GaussianNB,Train,0.7983502983502984,0.8777659574468085,0.813467415951888,0.9531015363289823,0.32206173730350784,0.8298391777702343,0.3130612244897959
GaussianNB,Train,0.7982625482625483,0.8776802341048151,0.8135726967843756,0.952754995957029,0.3222858586709342,0.8298391777702343,0.333265306122449
GaussianNB,Train,0.7980870480870481,0.8775347277662462,0.8136596920647453,0.9522929421277578,0.3223187390622565,0.8298391777702343,0.35346938775510206
GaussianNB,Train,0.7978237978237979,0.8773293578958578,0.8137283950617284,0.951715374841169,0.3221608893276031,0.8298391777702343,0.3736734693877551
GaussianNB,Train,0.7976921726921727,0.8771939169574134,0.8139178569663421,0.9511378075545801,0.3225992810499223,0.8298391777702343,0.39387755102040817
GaussianNB,Train,0.7976921726921727,0.8771546556547223,0.8141041491518718,0.9507912671826267,0.3232188683960656,0.8298391777702343,0.4140816326530612
GaussianNB,Train,0.7977799227799228,0.877181762464359,0.8142779399396428,0.9506179969966501,0.3239246691425812,0.8298391777702343,0.4342857142857143
GaussianNB,Train,0.7976921726921727,0.8770957166084709,0.8143840023758848,0.9502714566246968,0.32414612717155555,0.8298391777702343,0.45448979591836736
GaussianNB,Train,0.7976482976482977,0.8770526764768608,0.8144370729775225,0.9500981864387201,0.3242567298091583,0.8298391777702343,0.4746938775510204
GaussianNB,Train,0.7973411723411723,0.876836519745087,0.8144038833027887,0.949636132609449,0.32369422787141544,0.8298391777702343,0.49489795918367346
GaussianNB,Train,0.797077922077922,0.8766502200293372,0.8143798622466677,0.9492318355088368,0.32322738966480724,0.8298391777702343,0.5151020408163265
GaussianNB,Train,0.7967707967707968,0.8764272756376055,0.8143777887952405,0.9487120249509068,0.322769171886934,0.8298391777702343,0.5353061224489796
GaussianNB,Train,0.7965514215514216,0.8762641761174116,0.8143941272754328,0.9483077278502946,0.32250109509855596,0.8298391777702343,0.5555102040816327
GaussianNB,Train,0.7964636714636715,0.8761975928051027,0.814406905789552,0.9481344576643179,0.32241452575118734,0.8298391777702343,0.5757142857142857
GaussianNB,Train,0.7963320463320464,0.8760943839419176,0.8144416873449132,0.9478456740210235,0.32233614838872227,0.8298391777702343,0.5959183673469388
GaussianNB,Train,0.7962004212004212,0.8759977575482527,0.8144452717795979,0.9476146471063879,0.3221551326089609,0.8298391777702343,0.6161224489795918
GaussianNB,Train,0.7960687960687961,0.8758944782655131,0.814480087396961,0.9473258634630934,0.32207696401269315,0.8298391777702343,0.6363265306122449
GaussianNB,Train,0.795937170937171,0.8758044273545357,0.8144524459895705,0.9471525932771168,0.3217935122709359,0.8298391777702343,0.656530612244898
GaussianNB,Train,0.7956739206739206,0.8756242822423417,0.8143971384569526,0.9468060529051634,0.32122699496982365,0.8298391777702343,0.676734693877551
GaussianNB,Train,0.7953667953667953,0.8754073836619116,0.8143638170974155,0.9463439990758924,0.32066949126806765,0.8298391777702343,0.6969387755102041
GaussianNB,Train,0.7951035451035451,0.8752204349917171,0.8143396976929197,0.9459397019752801,0.320206917249961,0.8298391777702343,0.7171428571428571
GaussianNB,Train,0.795015795015795,0.8751536529314307,0.8143524965187985,0.9457664317893034,0.3201213619507811,0.8298391777702343,0.7373469387755102
GaussianNB,Train,0.7947964197964198,0.8749966590939463,0.8143375951445202,0.9454198914173502,0.3197535970268566,0.8298391777702343,0.7575510204081632
GaussianNB,Train,0.7945331695331695,0.8748162206955545,0.8142821597412292,0.9450733510453968,0.31918945793504927,0.8298391777702343,0.7777551020408163
GaussianNB,Train,0.7942260442260443,0.8746056360622427,0.8142174432497014,0.9446690539447846,0.31853194127316287,0.8298391777702343,0.7979591836734694
GaussianNB,Train,0.7935679185679185,0.874154117741461,0.8140786130623225,0.9438027030149012,0.3171253132867192,0.8298391777702343,0.8181632653061224
GaussianNB,Train,0.7932607932607932,0.8739432851792404,0.8140137546097878,0.943398405914289,0.31646997477945327,0.8298391777702343,0.8383673469387755
GaussianNB,Train,0.7924271674271675,0.8733706271245416,0.8138374819174939,0.9423010280697701,0.31469467778185123,0.8298391777702343,0.8585714285714285
GaussianNB,Train,0.7916812916812916,0.872850945316266,0.8137108048731776,0.9412614069539101,0.3132137431864892,0.8298391777702343,0.8787755102040816
GaussianNB,Train,0.7907599157599158,0.8722167144503096,0.8135152696556205,0.9400485156520735,0.31126258758230596,0.8298391777702343,0.8989795918367347
GaussianNB,Train,0.7899701649701649,0.8716587576074426,0.8134100575431573,0.9388933810788956,0.30980182799113876,0.8298391777702343,0.9191836734693878
GaussianNB,Train,0.7896630396630396,0.87124670999624,0.8142570281124498,0.9368141388471757,0.3121402525973832,0.8298391777702343,0.9393877551020408
GaussianNB,Train,0.7919006669006668,0.8711946337886647,0.8221846327336101,0.9264179276885757,0.3396797564779609,0.8298391777702343,0.9595918367346938
GaussianNB,Train,0.7868111618111618,0.856704709664101,0.8752636336245857,0.8389164837703592,0.4412459094564952,0.8298391777702343,0.9797959183673469
GaussianNB,Train,0.24034749034749034,0.0,0.0,0.0,0.0,0.8298391777702343,1.0
GaussianNB,Test,0.8084415584415584,0.8848567962445276,0.8142108328479907,0.9689268799815178,0.3399089830761759,0.8298391777702343,0.01
GaussianNB,Test,0.8062916812916813,0.8832782551222736,0.8144410316415582,0.9648261522467367,0.3373392910799251,0.8298391777702343,0.030204081632653063
GaussianNB,Test,0.8041418041418041,0.8818109610802225,0.8140887759092686,0.9618228023564745,0.332844776150408,0.8298391777702343,0.05040816326530612
GaussianNB,Test,0.803088803088803,0.8810999841042759,0.8138703993735317,0.9604366408686612,0.330504969986557,0.8298391777702343,0.07061224489795918
GaussianNB,Test,0.8024306774306774,0.8806551641885983,0.8137336533281089,0.9595702899387779,0.3290470041671473,0.8298391777702343,0.09081632653061224
GaussianNB,Test,0.8015093015093016,0.8800318217979316,0.8135418709550892,0.9583573986369412,0.3270115285825219,0.8298391777702343,0.11102040816326529
GaussianNB,Test,0.801026676026676,0.8797050319637126,0.8134412558253618,0.9577220746216935,0.3259479605530652,0.8298391777702343,0.13122448979591836
GaussianNB,Test,0.8006318006318006,0.8794375165826479,0.8133588535531998,0.9572022640637634,0.32507911092963804,0.8298391777702343,0.15142857142857144
GaussianNB,Test,0.8003246753246753,0.8792293607196878,0.8132947125533899,0.9567979669631512,0.3244041725332586,0.8298391777702343,0.1716326530612245
GaussianNB,Test,0.80001755001755,0.8790082820131664,0.8132920719127615,0.9562781564052212,0.3239383223330995,0.8298391777702343,0.19183673469387755
GaussianNB,Test,0.7998859248859249,0.8789125759949028,0.813295337296713,0.9560471294905857,0.3237537907573501,0.8298391777702343,0.2120408163265306
GaussianNB,Test,0.7994471744471745,0.8786019706265105,0.8132651556123703,0.955354048746679,0.32300088549950956,0.8298391777702343,0.23224489795918368
GaussianNB,Test,0.7992277992277992,0.8784207449917637,0.8133733517024208,0.9547764814600901,0.32304135146805824,0.8298391777702343,0.2524489795918367
GaussianNB,Test,0.7987890487890488,0.8781097172017861,0.813343180699163,0.9540834007161835,0.32229088724323596,0.8298391777702343,0.2726530612244898
GaussianNB,Test,0.7984380484380484,0.8778516352034034,0.813362238864801,0.9534480767009357,0.32183727231586634,0.8298391777702343,0.29285714285714287
GaussianNB,Test,0.7983502983502984,0.8777659574468085,0.813467415951888,0.9531015363289823,0.32206173730350784,0.8298391777702343,0.3130612244897959
GaussianNB,Test,0.7982625482625483,0.8776802341048151,0.8135726967843756,0.952754995957029,0.3222858586709342,0.8298391777702343,0.333265306122449
GaussianNB,Test,0.7980870480870481,0.8775347277662462,0.8136596920647453,0.9522929421277578,0.3223187390622565,0.8298391777702343,0.35346938775510206
GaussianNB,Test,0.7978237978237979,0.8773293578958578,0.8137283950617284,0.951715374841169,0.3221608893276031,0.8298391777702343,0.3736734693877551
GaussianNB,Test,0.7976921726921727,0.8771939169574134,0.8139178569663421,0.9511378075545801,0.3225992810499223,0.8298391777702343,0.39387755102040817
GaussianNB,Test,0.7976921726921727,0.8771546556547223,0.8141041491518718,0.9507912671826267,0.3232188683960656,0.8298391777702343,0.4140816326530612
GaussianNB,Test,0.7977799227799228,0.877181762464359,0.8142779399396428,0.9506179969966501,0.3239246691425812,0.8298391777702343,0.4342857142857143
GaussianNB,Test,0.7976921726921727,0.8770957166084709,0.8143840023758848,0.9502714566246968,0.32414612717155555,0.8298391777702343,0.45448979591836736
GaussianNB,Test,0.7976482976482977,0.8770526764768608,0.8144370729775225,0.9500981864387201,0.3242567298091583,0.8298391777702343,0.4746938775510204
GaussianNB,Test,0.7973411723411723,0.876836519745087,0.8144038833027887,0.949636132609449,0.32369422787141544,0.8298391777702343,0.49489795918367346
GaussianNB,Test,0.797077922077922,0.8766502200293372,0.8143798622466677,0.9492318355088368,0.32322738966480724,0.8298391777702343,0.5151020408163265
GaussianNB,Test,0.7967707967707968,0.8764272756376055,0.8143777887952405,0.9487120249509068,0.322769171886934,0.8298391777702343,0.5353061224489796
GaussianNB,Test,0.7965514215514216,0.8762641761174116,0.8143941272754328,0.9483077278502946,0.32250109509855596,0.8298391777702343,0.5555102040816327
GaussianNB,Test,0.7964636714636715,0.8761975928051027,0.814406905789552,0.9481344576643179,0.32241452575118734,0.8298391777702343,0.5757142857142857
GaussianNB,Test,0.7963320463320464,0.8760943839419176,0.8144416873449132,0.9478456740210235,0.32233614838872227,0.8298391777702343,0.5959183673469388
GaussianNB,Test,0.7962004212004212,0.8759977575482527,0.8144452717795979,0.9476146471063879,0.3221551326089609,0.8298391777702343,0.6161224489795918
GaussianNB,Test,0.7960687960687961,0.8758944782655131,0.814480087396961,0.9473258634630934,0.32207696401269315,0.8298391777702343,0.6363265306122449
GaussianNB,Test,0.795937170937171,0.8758044273545357,0.8144524459895705,0.9471525932771168,0.3217935122709359,0.8298391777702343,0.656530612244898
GaussianNB,Test,0.7956739206739206,0.8756242822423417,0.8143971384569526,0.9468060529051634,0.32122699496982365,0.8298391777702343,0.676734693877551
GaussianNB,Test,0.7953667953667953,0.8754073836619116,0.8143638170974155,0.9463439990758924,0.32066949126806765,0.8298391777702343,0.6969387755102041
GaussianNB,Test,0.7951035451035451,0.8752204349917171,0.8143396976929197,0.9459397019752801,0.320206917249961,0.8298391777702343,0.7171428571428571
GaussianNB,Test,0.795015795015795,0.8751536529314307,0.8143524965187985,0.9457664317893034,0.3201213619507811,0.8298391777702343,0.7373469387755102
GaussianNB,Test,0.7947964197964198,0.8749966590939463,0.8143375951445202,0.9454198914173502,0.3197535970268566,0.8298391777702343,0.7575510204081632
GaussianNB,Test,0.7945331695331695,0.8748162206955545,0.8142821597412292,0.9450733510453968,0.31918945793504927,0.8298391777702343,0.7777551020408163
GaussianNB,Test,0.7942260442260443,0.8746056360622427,0.8142174432497014,0.9446690539447846,0.31853194127316287,0.8298391777702343,0.7979591836734694
GaussianNB,Test,0.7935679185679185,0.874154117741461,0.8140786130623225,0.9438027030149012,0.3171253132867192,0.8298391777702343,0.8181632653061224
GaussianNB,Test,0.7932607932607932,0.8739432851792404,0.8140137546097878,0.943398405914289,0.31646997477945327,0.8298391777702343,0.8383673469387755
GaussianNB,Test,0.7924271674271675,0.8733706271245416,0.8138374819174939,0.9423010280697701,0.31469467778185123,0.8298391777702343,0.8585714285714285
GaussianNB,Test,0.7916812916812916,0.872850945316266,0.8137108048731776,0.9412614069539101,0.3132137431864892,0.8298391777702343,0.8787755102040816
GaussianNB,Test,0.7907599157599158,0.8722167144503096,0.8135152696556205,0.9400485156520735,0.31126258758230596,0.8298391777702343,0.8989795918367347
GaussianNB,Test,0.7899701649701649,0.8716587576074426,0.8134100575431573,0.9388933810788956,0.30980182799113876,0.8298391777702343,0.9191836734693878
GaussianNB,Test,0.7896630396630396,0.87124670999624,0.8142570281124498,0.9368141388471757,0.3121402525973832,0.8298391777702343,0.9393877551020408
GaussianNB,Test,0.7919006669006668,0.8711946337886647,0.8221846327336101,0.9264179276885757,0.3396797564779609,0.8298391777702343,0.9595918367346938
GaussianNB,Test,0.7868111618111618,0.856704709664101,0.8752636336245857,0.8389164837703592,0.4412459094564952,0.8298391777702343,0.9797959183673469
GaussianNB,Test,0.24034749034749034,0.0,0.0,0.0,0.0,0.8298391777702343,1.0
XGBClassifier,Train,0.8104598104598104,0.8890828797370853,0.8003143200517704,1.0,0.28939832447685154,0.9653719206480325,0.01
XGBClassifier,Train,0.8223938223938224,0.8953301959973108,0.8105337078651685,0.9999422432713411,0.34936819150481,0.9653719206480325,0.030204081632653063
XGBClassifier,Train,0.8271323271323271,0.8978374734221853,0.814652738565782,0.9999422432713411,0.3723845769687786,0.9653719206480325,0.05040816326530612
XGBClassifier,Train,0.8307739557739557,0.8997739261492087,0.817846851528178,0.9999422432713411,0.3897955250625269,0.9653719206480325,0.07061224489795918
XGBClassifier,Train,0.8345472095472095,0.9017892022814282,0.8211829436038515,0.9999422432713411,0.4075870592070845,0.9653719206480325,0.09081632653061224
XGBClassifier,Train,0.8388908388908389,0.904115312304157,0.8250881708130778,0.9998844865426822,0.42785398319263024,0.9653719206480325,0.11102040816326529
XGBClassifier,Train,0.8435854685854686,0.906633842285834,0.8294120465762614,0.9997112163567056,0.44955886793341426,0.9653719206480325,0.13122448979591836
XGBClassifier,Train,0.8493330993330993,0.909726603575184,0.8348451220688989,0.9993646759847522,0.47579595197441593,0.9653719206480325,0.15142857142857144
XGBClassifier,Train,0.8542471042471043,0.9123621590249565,0.8397435897435898,0.9987293519695044,0.498223014844562,0.9653719206480325,0.1716326530612245
XGBClassifier,Train,0.8597753597753598,0.9153691346255692,0.8451833740831296,0.9982672981402333,0.522572659722771,0.9653719206480325,0.19183673469387755
XGBClassifier,Train,0.8652158652158652,0.9183065631315818,0.8509610645638246,0.9972276770243733,0.5467222234565643,0.9653719206480325,0.2120408163265306
XGBClassifier,Train,0.8702614952614952,0.9210097502337385,0.8567665622980966,0.9956682453505833,0.5692683817088537,0.9653719206480325,0.23224489795918368
XGBClassifier,Train,0.8761407511407512,0.9242290039455673,0.8633104347390061,0.9943975973200878,0.5942508084800575,0.9653719206480325,0.2524489795918367
XGBClassifier,Train,0.8818445068445069,0.9273752056309161,0.8698335609854808,0.9930691925609334,0.6179544489143542,0.9653719206480325,0.2726530612244898
XGBClassifier,Train,0.8860565110565111,0.9296491940945416,0.8754145196673639,0.9910477070578723,0.6360248410233489,0.9653719206480325,0.29285714285714287
XGBClassifier,Train,0.8902246402246402,0.9319627998042096,0.8805755395683453,0.9897193022987179,0.6529013002984538,0.9653719206480325,0.3130612244897959
XGBClassifier,Train,0.8934713934713935,0.9336756993006993,0.8857675961438789,0.9870624927804089,0.6671478015734011,0.9653719206480325,0.333265306122449
XGBClassifier,Train,0.897025272025272,0.935601591439155,0.8911713972087189,0.9846944669053945,0.6819427937274177,0.9653719206480325,0.35346938775510206
XGBClassifier,Train,0.90005265005265,0.9372313457511295,0.8961429023079355,0.9822686843017211,0.6945819539959157,0.9653719206480325,0.3736734693877551
XGBClassifier,Train,0.9029045279045279,0.938767604659528,0.9010463695756095,0.979785144969389,0.7063835792785647,0.9653719206480325,0.39387755102040817
XGBClassifier,Train,0.9048350298350298,0.9397382824438085,0.9054017881042883,0.9767817950791268,0.7151263399781085,0.9653719206480325,0.4140816326530612
XGBClassifier,Train,0.9061951561951562,0.9403393235852214,0.9096749811035525,0.9731431211736167,0.7221728578904298,0.9653719206480325,0.4342857142857143
XGBClassifier,Train,0.9072042822042822,0.9407280777961494,0.9137133213566334,0.9693889338107889,0.7279702914368136,0.9653719206480325,0.45448979591836736
XGBClassifier,Train,0.9083011583011583,0.9411963311012324,0.9175992977836296,0.9660390435485734,0.7336937805633996,0.9653719206480325,0.4746938775510204
XGBClassifier,Train,0.9093541593541593,0.9416318228048366,0.9216347749142794,0.9625158831003812,0.7392706806081186,0.9653719206480325,0.49489795918367346
XGBClassifier,Train,0.9113285363285363,0.9426162014821545,0.9270594805920134,0.9587039390088945,0.7478743232213616,0.9653719206480325,0.5151020408163265
XGBClassifier,Train,0.9118550368550369,0.9426900584795321,0.9313454709430133,0.954314427630819,0.7520062206841561,0.9653719206480325,0.5353061224489796
XGBClassifier,Train,0.9124692874692875,0.9427891371053311,0.9362647377114541,0.9494051056948134,0.7566052627302294,0.9653719206480325,0.5555102040816327
XGBClassifier,Train,0.9116795366795367,0.9420135388160736,0.9396586403080283,0.9443802703014901,0.7568127864679719,0.9653719206480325,0.5757142857142857
XGBClassifier,Train,0.909047034047034,0.9398485332095291,0.944369934106945,0.9353702206307035,0.7534619456323867,0.9653719206480325,0.5959183673469388
XGBClassifier,Train,0.9073359073359073,0.9383033419023137,0.9492847854356307,0.9275730622617535,0.7523567640248001,0.9653719206480325,0.6161224489795918
XGBClassifier,Train,0.9048350298350298,0.9362115107490515,0.9537419857391096,0.9193138500635324,0.7491707988125853,0.9653719206480325,0.6363265306122449
XGBClassifier,Train,0.9005352755352756,0.9328674227842103,0.9572166514737162,0.9097262331061569,0.7414708150595618,0.9653719206480325,0.656530612244898
XGBClassifier,Train,0.896981396981397,0.9299898622458107,0.9612302761341223,0.9007161834353702,0.7358472207863963,0.9653719206480325,0.676734693877551
XGBClassifier,Train,0.8939101439101439,0.9274004683840749,0.9657328664332167,0.8919949174078781,0.7316098983372775,0.9653719206480325,0.6969387755102041
XGBClassifier,Train,0.8889083889083889,0.9234258755216839,0.9692102590147282,0.8817719764352547,0.7227911443718978,0.9653719206480325,0.7171428571428571
XGBClassifier,Train,0.8818445068445069,0.9178637874767439,0.9724681703612745,0.8690654961302992,0.7097682992417425,0.9653719206480325,0.7373469387755102
XGBClassifier,Train,0.8760530010530011,0.9132024456939195,0.97557933433992,0.8583227445997459,0.6995775999671523,0.9653719206480325,0.7575510204081632
XGBClassifier,Train,0.8688136188136188,0.9074246083348814,0.9779765082754939,0.8463671017673559,0.6863439042389199,0.9653719206480325,0.7777551020408163
XGBClassifier,Train,0.8606089856089856,0.900777663262438,0.9806868412104727,0.8329097839898348,0.6717167959270753,0.9653719206480325,0.7979591836734694
XGBClassifier,Train,0.8513074763074763,0.8931622584407806,0.9832720205455682,0.8181818181818182,0.6553222561434737,0.9653719206480325,0.8181632653061224
XGBClassifier,Train,0.8416988416988417,0.8851686823679185,0.9858216361831844,0.8031650687305071,0.6387912344046487,0.9653719206480325,0.8383673469387755
XGBClassifier,Train,0.8282730782730783,0.8738965139506412,0.9881958612649373,0.7832967540718494,0.615787008119925,0.9653719206480325,0.8585714285714285
XGBClassifier,Train,0.8130484380484381,0.860847131053852,0.9904561508980236,0.7612336837241539,0.5904305548880522,0.9653719206480325,0.8787755102040816
XGBClassifier,Train,0.7948841698841699,0.8449779487349538,0.9920579303900958,0.7358784798429017,0.5608087582530286,0.9653719206480325,0.8989795918367347
XGBClassifier,Train,0.7717181467181468,0.823979160323421,0.9945283789301755,0.7033614416079473,0.5250618221393835,0.9653719206480325,0.9191836734693878
XGBClassifier,Train,0.7413127413127413,0.7954056492469983,0.9962621696801113,0.6619498671595241,0.4800666521849565,0.9653719206480325,0.9393877551020408
XGBClassifier,Train,0.6957265707265707,0.7499188633659082,0.9981760583661323,0.6005544645951253,0.417442271351285,0.9653719206480325,0.9595918367346938
XGBClassifier,Train,0.6138996138996139,0.6593899984517727,0.999530626613471,0.49197181471641444,0.31721985778209694,0.9653719206480325,0.9797959183673469
XGBClassifier,Train,0.24034749034749034,0.0,0.0,0.0,0.0,0.9653719206480325,1.0
XGBClassifier,Test,0.8104598104598104,0.8890828797370853,0.8003143200517704,1.0,0.28939832447685154,0.9653719206480325,0.01
XGBClassifier,Test,0.8223938223938224,0.8953301959973108,0.8105337078651685,0.9999422432713411,0.34936819150481,0.9653719206480325,0.030204081632653063
XGBClassifier,Test,0.8271323271323271,0.8978374734221853,0.814652738565782,0.9999422432713411,0.3723845769687786,0.9653719206480325,0.05040816326530612
XGBClassifier,Test,0.8307739557739557,0.8997739261492087,0.817846851528178,0.9999422432713411,0.3897955250625269,0.9653719206480325,0.07061224489795918
XGBClassifier,Test,0.8345472095472095,0.9017892022814282,0.8211829436038515,0.9999422432713411,0.4075870592070845,0.9653719206480325,0.09081632653061224
XGBClassifier,Test,0.8388908388908389,0.904115312304157,0.8250881708130778,0.9998844865426822,0.42785398319263024,0.9653719206480325,0.11102040816326529
XGBClassifier,Test,0.8435854685854686,0.906633842285834,0.8294120465762614,0.9997112163567056,0.44955886793341426,0.9653719206480325,0.13122448979591836
XGBClassifier,Test,0.8493330993330993,0.909726603575184,0.8348451220688989,0.9993646759847522,0.47579595197441593,0.9653719206480325,0.15142857142857144
XGBClassifier,Test,0.8542471042471043,0.9123621590249565,0.8397435897435898,0.9987293519695044,0.498223014844562,0.9653719206480325,0.1716326530612245
XGBClassifier,Test,0.8597753597753598,0.9153691346255692,0.8451833740831296,0.9982672981402333,0.522572659722771,0.9653719206480325,0.19183673469387755
XGBClassifier,Test,0.8652158652158652,0.9183065631315818,0.8509610645638246,0.9972276770243733,0.5467222234565643,0.9653719206480325,0.2120408163265306
XGBClassifier,Test,0.8702614952614952,0.9210097502337385,0.8567665622980966,0.9956682453505833,0.5692683817088537,0.9653719206480325,0.23224489795918368
XGBClassifier,Test,0.8761407511407512,0.9242290039455673,0.8633104347390061,0.9943975973200878,0.5942508084800575,0.9653719206480325,0.2524489795918367
XGBClassifier,Test,0.8818445068445069,0.9273752056309161,0.8698335609854808,0.9930691925609334,0.6179544489143542,0.9653719206480325,0.2726530612244898
XGBClassifier,Test,0.8860565110565111,0.9296491940945416,0.8754145196673639,0.9910477070578723,0.6360248410233489,0.9653719206480325,0.29285714285714287
XGBClassifier,Test,0.8902246402246402,0.9319627998042096,0.8805755395683453,0.9897193022987179,0.6529013002984538,0.9653719206480325,0.3130612244897959
XGBClassifier,Test,0.8934713934713935,0.9336756993006993,0.8857675961438789,0.9870624927804089,0.6671478015734011,0.9653719206480325,0.333265306122449
XGBClassifier,Test,0.897025272025272,0.935601591439155,0.8911713972087189,0.9846944669053945,0.6819427937274177,0.9653719206480325,0.35346938775510206
XGBClassifier,Test,0.90005265005265,0.9372313457511295,0.8961429023079355,0.9822686843017211,0.6945819539959157,0.9653719206480325,0.3736734693877551
XGBClassifier,Test,0.9029045279045279,0.938767604659528,0.9010463695756095,0.979785144969389,0.7063835792785647,0.9653719206480325,0.39387755102040817
XGBClassifier,Test,0.9048350298350298,0.9397382824438085,0.9054017881042883,0.9767817950791268,0.7151263399781085,0.9653719206480325,0.4140816326530612
XGBClassifier,Test,0.9061951561951562,0.9403393235852214,0.9096749811035525,0.9731431211736167,0.7221728578904298,0.9653719206480325,0.4342857142857143
XGBClassifier,Test,0.9072042822042822,0.9407280777961494,0.9137133213566334,0.9693889338107889,0.7279702914368136,0.9653719206480325,0.45448979591836736
XGBClassifier,Test,0.9083011583011583,0.9411963311012324,0.9175992977836296,0.9660390435485734,0.7336937805633996,0.9653719206480325,0.4746938775510204
XGBClassifier,Test,0.9093541593541593,0.9416318228048366,0.9216347749142794,0.9625158831003812,0.7392706806081186,0.9653719206480325,0.49489795918367346
XGBClassifier,Test,0.9113285363285363,0.9426162014821545,0.9270594805920134,0.9587039390088945,0.7478743232213616,0.9653719206480325,0.5151020408163265
XGBClassifier,Test,0.9118550368550369,0.9426900584795321,0.9313454709430133,0.954314427630819,0.7520062206841561,0.9653719206480325,0.5353061224489796
XGBClassifier,Test,0.9124692874692875,0.9427891371053311,0.9362647377114541,0.9494051056948134,0.7566052627302294,0.9653719206480325,0.5555102040816327
XGBClassifier,Test,0.9116795366795367,0.9420135388160736,0.9396586403080283,0.9443802703014901,0.7568127864679719,0.9653719206480325,0.5757142857142857
XGBClassifier,Test,0.909047034047034,0.9398485332095291,0.944369934106945,0.9353702206307035,0.7534619456323867,0.9653719206480325,0.5959183673469388
XGBClassifier,Test,0.9073359073359073,0.9383033419023137,0.9492847854356307,0.9275730622617535,0.7523567640248001,0.9653719206480325,0.6161224489795918
XGBClassifier,Test,0.9048350298350298,0.9362115107490515,0.9537419857391096,0.9193138500635324,0.7491707988125853,0.9653719206480325,0.6363265306122449
XGBClassifier,Test,0.9005352755352756,0.9328674227842103,0.9572166514737162,0.9097262331061569,0.7414708150595618,0.9653719206480325,0.656530612244898
XGBClassifier,Test,0.896981396981397,0.9299898622458107,0.9612302761341223,0.9007161834353702,0.7358472207863963,0.9653719206480325,0.676734693877551
XGBClassifier,Test,0.8939101439101439,0.9274004683840749,0.9657328664332167,0.8919949174078781,0.7316098983372775,0.9653719206480325,0.6969387755102041
XGBClassifier,Test,0.8889083889083889,0.9234258755216839,0.9692102590147282,0.8817719764352547,0.7227911443718978,0.9653719206480325,0.7171428571428571
XGBClassifier,Test,0.8818445068445069,0.9178637874767439,0.9724681703612745,0.8690654961302992,0.7097682992417425,0.9653719206480325,0.7373469387755102
XGBClassifier,Test,0.8760530010530011,0.9132024456939195,0.97557933433992,0.8583227445997459,0.6995775999671523,0.9653719206480325,0.7575510204081632
XGBClassifier,Test,0.8688136188136188,0.9074246083348814,0.9779765082754939,0.8463671017673559,0.6863439042389199,0.9653719206480325,0.7777551020408163
XGBClassifier,Test,0.8606089856089856,0.900777663262438,0.9806868412104727,0.8329097839898348,0.6717167959270753,0.9653719206480325,0.7979591836734694
XGBClassifier,Test,0.8513074763074763,0.8931622584407806,0.9832720205455682,0.8181818181818182,0.6553222561434737,0.9653719206480325,0.8181632653061224
XGBClassifier,Test,0.8416988416988417,0.8851686823679185,0.9858216361831844,0.8031650687305071,0.6387912344046487,0.9653719206480325,0.8383673469387755
XGBClassifier,Test,0.8282730782730783,0.8738965139506412,0.9881958612649373,0.7832967540718494,0.615787008119925,0.9653719206480325,0.8585714285714285
XGBClassifier,Test,0.8130484380484381,0.860847131053852,0.9904561508980236,0.7612336837241539,0.5904305548880522,0.9653719206480325,0.8787755102040816
XGBClassifier,Test,0.7948841698841699,0.8449779487349538,0.9920579303900958,0.7358784798429017,0.5608087582530286,0.9653719206480325,0.8989795918367347
XGBClassifier,Test,0.7717181467181468,0.823979160323421,0.9945283789301755,0.7033614416079473,0.5250618221393835,0.9653719206480325,0.9191836734693878
XGBClassifier,Test,0.7413127413127413,0.7954056492469983,0.9962621696801113,0.6619498671595241,0.4800666521849565,0.9653719206480325,0.9393877551020408
XGBClassifier,Test,0.6957265707265707,0.7499188633659082,0.9981760583661323,0.6005544645951253,0.417442271351285,0.9653719206480325,0.9595918367346938
XGBClassifier,Test,0.6138996138996139,0.6593899984517727,0.999530626613471,0.49197181471641444,0.31721985778209694,0.9653719206480325,0.9797959183673469
XGBClassifier,Test,0.24034749034749034,0.0,0.0,0.0,0.0,0.9653719206480325,1.0
LGBMClassifier,Train,0.7969024219024219,0.8820847237435361,0.7890443421592307,1.0,0.21792768066379975,0.9511737078212985,0.01
LGBMClassifier,Train,0.8175236925236925,0.8927733518962538,0.806314907092628,1.0,0.32516229876128266,0.9511737078212985,0.030204081632653063
LGBMClassifier,Train,0.823973323973324,0.8961590226731546,0.8119313385235907,0.9998844865426822,0.3571932741814654,0.9511737078212985,0.05040816326530612
LGBMClassifier,Train,0.8261670761670762,0.8973202716010988,0.8138397893945092,0.9998844865426822,0.36783424775849816,0.9511737078212985,0.07061224489795918
LGBMClassifier,Train,0.8275710775710776,0.8980544747081712,0.8151252589941609,0.9997689730853645,0.374804985492149,0.9511737078212985,0.09081632653061224
LGBMClassifier,Train,0.8295454545454546,0.8991040124659135,0.8168562125430607,0.9997689730853645,0.3842527842686335,0.9511737078212985,0.11102040816326529
LGBMClassifier,Train,0.8315637065637066,0.9001690287348849,0.8186935338914905,0.9996534596280466,0.3940372176445117,0.9511737078212985,0.13122448979591836
LGBMClassifier,Train,0.8352053352053352,0.9020957147325619,0.8220427553444181,0.9994224327134111,0.41152778928813183,0.9511737078212985,0.15142857142857144
LGBMClassifier,Train,0.8393734643734644,0.9042850793484797,0.8260807260568426,0.9988448654268223,0.4317290539765074,0.9511737078212985,0.1716326530612245
LGBMClassifier,Train,0.8454282204282204,0.9075061041245506,0.831913357400722,0.9982095414115745,0.4601128875795558,0.9511737078212985,0.19183673469387755
LGBMClassifier,Train,0.8508248508248508,0.9103989880356297,0.8371946490887942,0.9976319741249856,0.4848249773886957,0.9511737078212985,0.2120408163265306
LGBMClassifier,Train,0.8560898560898561,0.9131493936344859,0.8430960297281439,0.9958992722652189,0.5099484751363113,0.9511737078212985,0.23224489795918368
LGBMClassifier,Train,0.862012987012987,0.9163007318695943,0.8496619120477765,0.9942820838627701,0.5369798515991306,0.9511737078212985,0.2524489795918367
LGBMClassifier,Train,0.8671024921024921,0.9190128606187,0.8555782346791457,0.9926071387316623,0.5599123651672016,0.9511737078212985,0.2726530612244898
LGBMClassifier,Train,0.8706563706563707,0.9207910151002203,0.8608822347266881,0.9896615455700589,0.5775144170275304,0.9511737078212985,0.29285714285714287
LGBMClassifier,Train,0.8742979992979993,0.9226616277500338,0.8661497136485733,0.9870624927804089,0.594628590502137,0.9511737078212985,0.3130612244897959
LGBMClassifier,Train,0.8781590031590032,0.9246874406747485,0.8716192034357585,0.9846367101767356,0.6119835534452338,0.9511737078212985,0.333265306122449
LGBMClassifier,Train,0.8810986310986311,0.9261701084291396,0.8765470297029703,0.9817488737437912,0.6258785503133625,0.9511737078212985,0.35346938775510206
LGBMClassifier,Train,0.8841260091260091,0.9276933607118412,0.8818905835198584,0.9785144969388934,0.6400745824731189,0.9511737078212985,0.3736734693877551
LGBMClassifier,Train,0.8863197613197613,0.9286795672878416,0.8871417302129897,0.9742982557467945,0.651719929614178,0.9511737078212985,0.39387755102040817
LGBMClassifier,Train,0.8885135135135135,0.9297075991037097,0.8921688346164056,0.9705440683839668,0.6626792621392366,0.9511737078212985,0.4140816326530612
LGBMClassifier,Train,0.8897858897858898,0.930183435241801,0.8964963034394086,0.9665010973778445,0.6703694340060464,0.9511737078212985,0.4342857142857143
LGBMClassifier,Train,0.8904878904878905,0.9303065840174234,0.9004864864864864,0.9621693427284279,0.6761325721064729,0.9511737078212985,0.45448979591836736
LGBMClassifier,Train,0.8914092664092664,0.9305769824128355,0.904619076184763,0.9580686149936467,0.6823463038519089,0.9511737078212985,0.4746938775510204
LGBMClassifier,Train,0.8914970164970165,0.9302614139477172,0.908910563729542,0.9526394824997112,0.6865720977835432,0.9511737078212985,0.49489795918367346
LGBMClassifier,Train,0.8926816426816426,0.930649277005954,0.9140120294052128,0.9479034307496823,0.6938427754290939,0.9511737078212985,0.5151020408163265
LGBMClassifier,Train,0.8926816426816426,0.9302617323373439,0.918581081081081,0.9422432713411112,0.6976941276175006,0.9511737078212985,0.5353061224489796
LGBMClassifier,Train,0.8921990171990172,0.9295847304616973,0.9225780761135446,0.9366986253898579,0.6998217647062985,0.9511737078212985,0.5555102040816327
LGBMClassifier,Train,0.8904878904878905,0.9280691642651296,0.9261474749798688,0.9299988448654268,0.6987458461658905,0.9511737078212985,0.5757142857142857
LGBMClassifier,Train,0.8895665145665146,0.9269736269475151,0.9313239666530636,0.9226637403257479,0.7005838794165569,0.9511737078212985,0.5959183673469388
LGBMClassifier,Train,0.8872411372411373,0.9249240476746903,0.9357489064901289,0.914346771398868,0.6986538274354812,0.9511737078212985,0.6161224489795918
LGBMClassifier,Train,0.8841698841698842,0.9223346669804661,0.9399208538194028,0.9053944784567403,0.6949045907542384,0.9511737078212985,0.6363265306122449
LGBMClassifier,Train,0.8818883818883819,0.9202275825282997,0.9449245374878287,0.8967887258865658,0.693421310672397,0.9511737078212985,0.656530612244898
LGBMClassifier,Train,0.8775447525447525,0.9167288241787749,0.9481577485650805,0.887316622386508,0.6863939506013499,0.9511737078212985,0.676734693877551
LGBMClassifier,Train,0.8734643734643734,0.9132475033088678,0.9529190207156308,0.8767471410419314,0.6810253567751514,0.9511737078212985,0.6969387755102041
LGBMClassifier,Train,0.868023868023868,0.9087876766329068,0.9566521961184883,0.8654845789534481,0.6723170970735027,0.9511737078212985,0.7171428571428571
LGBMClassifier,Train,0.8626272376272376,0.9042361217311514,0.9610558481243092,0.8537599630356937,0.6642924281379039,0.9511737078212985,0.7373469387755102
LGBMClassifier,Train,0.8564847314847315,0.8990400938300566,0.9654623798475307,0.841168996188056,0.6549681344354785,0.9511737078212985,0.7575510204081632
LGBMClassifier,Train,0.8501228501228502,0.8937017674881752,0.9688301173930643,0.8293866235416426,0.6447905404238936,0.9511737078212985,0.7777551020408163
LGBMClassifier,Train,0.8432344682344682,0.8878284619973,0.9725565719788156,0.816680143236687,0.634057324126706,0.9511737078212985,0.7979591836734694
LGBMClassifier,Train,0.8348104598104598,0.8804648061720164,0.9776492984558979,0.8008547995841515,0.6215584780995164,0.9511737078212985,0.8181632653061224
LGBMClassifier,Train,0.8234906984906984,0.8707885016862053,0.9808262788510238,0.782950213699896,0.603124703021614,0.9511737078212985,0.8383673469387755
LGBMClassifier,Train,0.8112056862056862,0.860096888513184,0.9839321580004463,0.7639482499711217,0.5835665116296449,0.9511737078212985,0.8585714285714285
LGBMClassifier,Train,0.7941382941382942,0.8450564691896176,0.9866594694632943,0.7389973431904817,0.5565071730173385,0.9511737078212985,0.8787755102040816
LGBMClassifier,Train,0.773955773955774,0.8267536485304996,0.9894558918222794,0.7100034654037195,0.5256926212580395,0.9511737078212985,0.8989795918367347
LGBMClassifier,Train,0.7485521235521235,0.8029568506102802,0.9920142723642851,0.674425320549844,0.48836115901874666,0.9511737078212985,0.9191836734693878
LGBMClassifier,Train,0.7144612144612145,0.769563062106083,0.994418008784773,0.6276423703361441,0.440847102845902,0.9511737078212985,0.9393877551020408
LGBMClassifier,Train,0.6641365391365391,0.7168485296837434,0.9968110276720502,0.5596627007046321,0.3759088204154333,0.9511737078212985,0.9595918367346938
LGBMClassifier,Train,0.5753334503334503,0.6122350867353071,0.9992153785798352,0.441319163682569,0.27459409234521215,0.9511737078212985,0.9797959183673469
LGBMClassifier,Train,0.24034749034749034,0.0,0.0,0.0,0.0,0.9511737078212985,1.0
LGBMClassifier,Test,0.7969024219024219,0.8820847237435361,0.7890443421592307,1.0,0.21792768066379975,0.9511737078212985,0.01
LGBMClassifier,Test,0.8175236925236925,0.8927733518962538,0.806314907092628,1.0,0.32516229876128266,0.9511737078212985,0.030204081632653063
LGBMClassifier,Test,0.823973323973324,0.8961590226731546,0.8119313385235907,0.9998844865426822,0.3571932741814654,0.9511737078212985,0.05040816326530612
LGBMClassifier,Test,0.8261670761670762,0.8973202716010988,0.8138397893945092,0.9998844865426822,0.36783424775849816,0.9511737078212985,0.07061224489795918
LGBMClassifier,Test,0.8275710775710776,0.8980544747081712,0.8151252589941609,0.9997689730853645,0.374804985492149,0.9511737078212985,0.09081632653061224
LGBMClassifier,Test,0.8295454545454546,0.8991040124659135,0.8168562125430607,0.9997689730853645,0.3842527842686335,0.9511737078212985,0.11102040816326529
LGBMClassifier,Test,0.8315637065637066,0.9001690287348849,0.8186935338914905,0.9996534596280466,0.3940372176445117,0.9511737078212985,0.13122448979591836
LGBMClassifier,Test,0.8352053352053352,0.9020957147325619,0.8220427553444181,0.9994224327134111,0.41152778928813183,0.9511737078212985,0.15142857142857144
LGBMClassifier,Test,0.8393734643734644,0.9042850793484797,0.8260807260568426,0.9988448654268223,0.4317290539765074,0.9511737078212985,0.1716326530612245
LGBMClassifier,Test,0.8454282204282204,0.9075061041245506,0.831913357400722,0.9982095414115745,0.4601128875795558,0.9511737078212985,0.19183673469387755
LGBMClassifier,Test,0.8508248508248508,0.9103989880356297,0.8371946490887942,0.9976319741249856,0.4848249773886957,0.9511737078212985,0.2120408163265306
LGBMClassifier,Test,0.8560898560898561,0.9131493936344859,0.8430960297281439,0.9958992722652189,0.5099484751363113,0.9511737078212985,0.23224489795918368
LGBMClassifier,Test,0.862012987012987,0.9163007318695943,0.8496619120477765,0.9942820838627701,0.5369798515991306,0.9511737078212985,0.2524489795918367
LGBMClassifier,Test,0.8671024921024921,0.9190128606187,0.8555782346791457,0.9926071387316623,0.5599123651672016,0.9511737078212985,0.2726530612244898
LGBMClassifier,Test,0.8706563706563707,0.9207910151002203,0.8608822347266881,0.9896615455700589,0.5775144170275304,0.9511737078212985,0.29285714285714287
LGBMClassifier,Test,0.8742979992979993,0.9226616277500338,0.8661497136485733,0.9870624927804089,0.594628590502137,0.9511737078212985,0.3130612244897959
LGBMClassifier,Test,0.8781590031590032,0.9246874406747485,0.8716192034357585,0.9846367101767356,0.6119835534452338,0.9511737078212985,0.333265306122449
LGBMClassifier,Test,0.8810986310986311,0.9261701084291396,0.8765470297029703,0.9817488737437912,0.6258785503133625,0.9511737078212985,0.35346938775510206
LGBMClassifier,Test,0.8841260091260091,0.9276933607118412,0.8818905835198584,0.9785144969388934,0.6400745824731189,0.9511737078212985,0.3736734693877551
LGBMClassifier,Test,0.8863197613197613,0.9286795672878416,0.8871417302129897,0.9742982557467945,0.651719929614178,0.9511737078212985,0.39387755102040817
LGBMClassifier,Test,0.8885135135135135,0.9297075991037097,0.8921688346164056,0.9705440683839668,0.6626792621392366,0.9511737078212985,0.4140816326530612
LGBMClassifier,Test,0.8897858897858898,0.930183435241801,0.8964963034394086,0.9665010973778445,0.6703694340060464,0.9511737078212985,0.4342857142857143
LGBMClassifier,Test,0.8904878904878905,0.9303065840174234,0.9004864864864864,0.9621693427284279,0.6761325721064729,0.9511737078212985,0.45448979591836736
LGBMClassifier,Test,0.8914092664092664,0.9305769824128355,0.904619076184763,0.9580686149936467,0.6823463038519089,0.9511737078212985,0.4746938775510204
LGBMClassifier,Test,0.8914970164970165,0.9302614139477172,0.908910563729542,0.9526394824997112,0.6865720977835432,0.9511737078212985,0.49489795918367346
LGBMClassifier,Test,0.8926816426816426,0.930649277005954,0.9140120294052128,0.9479034307496823,0.6938427754290939,0.9511737078212985,0.5151020408163265
LGBMClassifier,Test,0.8926816426816426,0.9302617323373439,0.918581081081081,0.9422432713411112,0.6976941276175006,0.9511737078212985,0.5353061224489796
LGBMClassifier,Test,0.8921990171990172,0.9295847304616973,0.9225780761135446,0.9366986253898579,0.6998217647062985,0.9511737078212985,0.5555102040816327
LGBMClassifier,Test,0.8904878904878905,0.9280691642651296,0.9261474749798688,0.9299988448654268,0.6987458461658905,0.9511737078212985,0.5757142857142857
LGBMClassifier,Test,0.8895665145665146,0.9269736269475151,0.9313239666530636,0.9226637403257479,0.7005838794165569,0.9511737078212985,0.5959183673469388
LGBMClassifier,Test,0.8872411372411373,0.9249240476746903,0.9357489064901289,0.914346771398868,0.6986538274354812,0.9511737078212985,0.6161224489795918
LGBMClassifier,Test,0.8841698841698842,0.9223346669804661,0.9399208538194028,0.9053944784567403,0.6949045907542384,0.9511737078212985,0.6363265306122449
LGBMClassifier,Test,0.8818883818883819,0.9202275825282997,0.9449245374878287,0.8967887258865658,0.693421310672397,0.9511737078212985,0.656530612244898
LGBMClassifier,Test,0.8775447525447525,0.9167288241787749,0.9481577485650805,0.887316622386508,0.6863939506013499,0.9511737078212985,0.676734693877551
LGBMClassifier,Test,0.8734643734643734,0.9132475033088678,0.9529190207156308,0.8767471410419314,0.6810253567751514,0.9511737078212985,0.6969387755102041
LGBMClassifier,Test,0.868023868023868,0.9087876766329068,0.9566521961184883,0.8654845789534481,0.6723170970735027,0.9511737078212985,0.7171428571428571
LGBMClassifier,Test,0.8626272376272376,0.9042361217311514,0.9610558481243092,0.8537599630356937,0.6642924281379039,0.9511737078212985,0.7373469387755102
LGBMClassifier,Test,0.8564847314847315,0.8990400938300566,0.9654623798475307,0.841168996188056,0.6549681344354785,0.9511737078212985,0.7575510204081632
LGBMClassifier,Test,0.8501228501228502,0.8937017674881752,0.9688301173930643,0.8293866235416426,0.6447905404238936,0.9511737078212985,0.7777551020408163
LGBMClassifier,Test,0.8432344682344682,0.8878284619973,0.9725565719788156,0.816680143236687,0.634057324126706,0.9511737078212985,0.7979591836734694
LGBMClassifier,Test,0.8348104598104598,0.8804648061720164,0.9776492984558979,0.8008547995841515,0.6215584780995164,0.9511737078212985,0.8181632653061224
LGBMClassifier,Test,0.8234906984906984,0.8707885016862053,0.9808262788510238,0.782950213699896,0.603124703021614,0.9511737078212985,0.8383673469387755
LGBMClassifier,Test,0.8112056862056862,0.860096888513184,0.9839321580004463,0.7639482499711217,0.5835665116296449,0.9511737078212985,0.8585714285714285
LGBMClassifier,Test,0.7941382941382942,0.8450564691896176,0.9866594694632943,0.7389973431904817,0.5565071730173385,0.9511737078212985,0.8787755102040816
LGBMClassifier,Test,0.773955773955774,0.8267536485304996,0.9894558918222794,0.7100034654037195,0.5256926212580395,0.9511737078212985,0.8989795918367347
LGBMClassifier,Test,0.7485521235521235,0.8029568506102802,0.9920142723642851,0.674425320549844,0.48836115901874666,0.9511737078212985,0.9191836734693878
LGBMClassifier,Test,0.7144612144612145,0.769563062106083,0.994418008784773,0.6276423703361441,0.440847102845902,0.9511737078212985,0.9393877551020408
LGBMClassifier,Test,0.6641365391365391,0.7168485296837434,0.9968110276720502,0.5596627007046321,0.3759088204154333,0.9511737078212985,0.9595918367346938
LGBMClassifier,Test,0.5753334503334503,0.6122350867353071,0.9992153785798352,0.441319163682569,0.27459409234521215,0.9511737078212985,0.9797959183673469
LGBMClassifier,Test,0.24034749034749034,0.0,0.0,0.0,0.0,0.9511737078212985,1.0
